,,
A-01-01,-16.578384,-49.385537
A-01-02,-16.57852,-49.384134
A-01-03,-16.578515,-49.383253
A-01-04,-16.577635,-49.383767
A-01-05,-16.577863,-49.382346
A-01-06,-16.577255,-49.381526
A-01-07,-16.576794,-49.380887
A-01-08,-16.578791,-49.380461
A-01-09,-16.579547,-49.381235
A-01-10,-16.579881,-49.382153
A-01-11,-16.579312,-49.383797
A-01-12,-16.579525,-49.384766
A-01-13,-16.579333,-49.385609
A-02-01,-16.577423,-49.387787
A-02-02,-16.576718,-49.386824
A-02-03,-16.576151,-49.386057
A-02-04,-16.575586,-49.385273
A-02-05,-16.575019,-49.384485
A-02-06,-16.574434,-49.383693
A-02-07,-16.573789,-49.382801
A-02-08,-16.573293,-49.382143
A-02-09,-16.575209,-49.381751
A-02-10,-16.575785,-49.38253
A-02-11,-16.57682,-49.383957
A-02-12,-16.57746,-49.384817
A-02-13,-16.577878,-49.3854
A-02-14,-16.578446,-49.386177
A-02-15,-16.578905,-49.387038
A-02-16,-16.580139,-49.387648
A-03-01,-16.57625,-49.389118
A-03-02,-16.577208,-49.389018
A-03-04,-16.575151,-49.39064
A-03-03,-16.57492,-49.390189
A-03-05,-16.576318,-49.389717
A-03-06,-16.574387,-49.389702
A-03-07,-16.57398,-49.389068
A-03-08,-16.573667,-49.388101
A-03-09,-16.573867,-49.390903
A-03-10,-16.573985,-49.392051
A-03-11,-16.573543,-49.389006
A-03-12,-16.572808,-49.386765
A-03-13,-16.572295,-49.385181
A-03-14,-16.571573,-49.382995
A-03-15,-16.572839,-49.383163
A-03-17,-16.573606,-49.383388
A-03-18,-16.572289,-49.383862
A-03-19,-16.572903,-49.385782
A-03-20,-16.573335,-49.38707
A-03-21,-16.574473,-49.386781
A-03-22,-16.573901,-49.386008
A-03-23,-16.573413,-49.385238
A-03-24,-16.574352,-49.384508
A-03-25,-16.575147,-49.387716
A-03-26,-16.575599,-49.388333
A-04-01,-16.57166,-49.390897
A-04-02,-16.571345,-49.389926
A-04-03,-16.571018,-49.388965
A-04-04,-16.570691,-49.387988
A-04-05,-16.570368,-49.387019
A-04-06,-16.569859,-49.385477
A-04-07,-16.569971,-49.384311
A-04-08,-16.56973,-49.383301
A-04-09,-16.571213,-49.383173
A-04-10,-16.571239,-49.384235
A-04-11,-16.571778,-49.386236
A-04-12,-16.572167,-49.387428
A-04-13,-16.57255,-49.388595
A-04-14,-16.572798,-49.38939
A-04-15,-16.572998,-49.390358
A-04-16,-16.573239,-49.389415
A-04-17,-16.572573,-49.387384
A-04-18,-16.571901,-49.385313
A-04-19,-16.573109,-49.391505
A-04-20,-16.571976,-49.391874
A-05-01,-16.572343,-49.392979
A-05-02,-16.571334,-49.392701
A-05-03,-16.570805,-49.391106
A-05-04,-16.570124,-49.38906
A-05-05,-16.569452,-49.387027
A-05-06,-16.568816,-49.385135
A-05-07,-16.56843,-49.383741
A-05-08,-16.569325,-49.385122
A-05-09,-16.569652,-49.386107
A-05-10,-16.570236,-49.38789
A-05-11,-16.570928,-49.389992
A-05-12,-16.571532,-49.391782
A-05-13,-16.571872,-49.392839
A-06-02,-16.576079,-49.37991
A-06-03,-16.575668,-49.379353
A-06-04,-16.5751,-49.378581
A-06-05,-16.574532,-49.377795
A-06-06,-16.573973,-49.37703
A-06-07,-16.573439,-49.376297
A-06-08,-16.572839,-49.375489
A-06-09,-16.572259,-49.374695
A-06-10,-16.571703,-49.373918
A-06-11,-16.57096,-49.373063
A-06-12,-16.57051,-49.371871
A-06-13,-16.571557,-49.370498
A-06-14,-16.572145,-49.372426
A-06-15,-16.572935,-49.371804
A-06-16,-16.57378,-49.370496
A-06-17,-16.576178,-49.370486
A-06-18,-16.575446,-49.371691
A-06-19,-16.574932,-49.370968
A-06-20,-16.573502,-49.372597
A-06-21,-16.574087,-49.373302
A-06-22,-16.573272,-49.374607
A-06-23,-16.574604,-49.376173
A-06-24,-16.575132,-49.376711
A-06-25,-16.575815,-49.377404
A-06-26,-16.576484,-49.378095
A-06-27,-16.577168,-49.378795
A-06-28,-16.578124,-49.37975
A-06-01,-16.575943,-49.380567
A-07-01,-16.572888,-49.381593
A-07-02,-16.572299,-49.380768
A-07-03,-16.571736,-49.380016
A-07-04,-16.571091,-49.379129
A-07-05,-16.570598,-49.378446
A-07-06,-16.570033,-49.377675
A-07-07,-16.569548,-49.376855
A-07-08,-16.569269,-49.375833
A-07-09,-16.569515,-49.37395
A-07-10,-16.570132,-49.374793
A-07-11,-16.57074,-49.375629
A-07-13,-16.57184,-49.377135
A-07-14,-16.572404,-49.377911
A-07-15,-16.572976,-49.378684
A-07-16,-16.573541,-49.379464
A-07-17,-16.574102,-49.380236
A-07-18,-16.57462,-49.380948
A-08-01,-16.571377,-49.382176
A-08-02,-16.570763,-49.381633
A-08-03,-16.570488,-49.380612
A-08-04,-16.570136,-49.379381
A-08-05,-16.569871,-49.378369
A-08-06,-16.567704,-49.375878
A-08-07,-16.567047,-49.376877
A-08-08,-16.567323,-49.377868
A-08-09,-16.567567,-49.378747
A-08-10,-16.567809,-49.379617
A-08-11,-16.568091,-49.380614
A-08-12,-16.568429,-49.381547
A-08-13,-16.568728,-49.382663
A-08-14,-16.567913,-49.381493
A-08-15,-16.567299,-49.380631
A-08-16,-16.566732,-49.379826
A-08-17,-16.566075,-49.378901
A-08-18,-16.565566,-49.378176
A-08-19,-16.564851,-49.377135
A-08-20,-16.564416,-49.37617
A-08-21,-16.565002,-49.374962
A-08-22,-16.565894,-49.373867
A-08-23,-16.566323,-49.374886
A-08-24,-16.566689,-49.375694
A-08-25,-16.567562,-49.373691
A-08-26,-16.56838,-49.374327
A-07-12,-16.571273,-49.37636
A-10-02,-16.565206,-49.398381
A-10-01,-16.565441,-49.398632
A-10-03,-16.564818,-49.397849
A-10-04,-16.564756,-49.39745
A-10-05,-16.564966,-49.396688
A-10-06,-16.5655,-49.395132
A-10-07,-16.565719,-49.39461
A-10-08,-16.5659,-49.394054
A-10-09,-16.566134,-49.393456
A-10-10,-16.566317,-49.392911
A-10-11,-16.566502,-49.392366
A-10-12,-16.566719,-49.391998
A-10-13,-16.567002,-49.3924
A-10-14,-16.567537,-49.393132
A-10-15,-16.568376,-49.394021
A-10-16,-16.56866,-49.393919
A-09-12,-16.569187,-49.393711
A-09-11,-16.569646,-49.393553
A-09-23,-16.570169,-49.395122
A-09-24,-16.570611,-49.394785
A-09-22,-16.569963,-49.395274
A-09-21,-16.569553,-49.395575
A-09-20,-16.569084,-49.395875
A-09-19,-16.568514,-49.396249
A-09-18,-16.568273,-49.39638
A-09-17,-16.5678,-49.396734
A-09-16,-16.567562,-49.396423
A-09-15,-16.567314,-49.396063
A-09-14,-16.566993,-49.395646
A-09-13,-16.566783,-49.395375
A-10-17,-16.566612,-49.397627
A-10-18,-16.56633,-49.39724
A-10-19,-16.566171,-49.397018
A-10-20,-16.565764,-49.396458
A-10-21,-16.565903,-49.395904
A-10-22,-16.567185,-49.394898
A-10-23,-16.567586,-49.394591
A-10-24,-16.567766,-49.394435
A-09-10,-16.57016,-49.393436
A-09-09,-16.56972,-49.392172
A-09-08,-16.568969,-49.391474
A-09-07,-16.568715,-49.391602
A-09-06,-16.568055,-49.39185
A-09-05,-16.567778,-49.39211
A-09-04,-16.567203,-49.390469
A-09-03,-16.567504,-49.389821
A-09-02,-16.567737,-49.389507
A-09-01,-16.568238,-49.389262
A-23-24,-16.510242,-49.413959
A-23-23,-16.510134,-49.414386
A-23-22,-16.509313,-49.414533
A-35-10,-16.494037,-49.415217
A-35-08,-16.494531,-49.41607
A-35-09,-16.494567,-49.415266
A-35-07,-16.494706,-49.416338
A-35-06,-16.494755,-49.416864
A-35-05,-16.494786,-49.417578
A-35-04,-16.494832,-49.418248
A-35-03,-16.495074,-49.418929
A-35-02,-16.495748,-49.419849
A-35-01,-16.496066,-49.420254
A-34-08,-16.496437,-49.416019
A-34-07,-16.496568,-49.416802
A-34-06,-16.496666,-49.417465
A-34-05,-16.496722,-49.417902
A-34-04,-16.496869,-49.418897
A-34-03,-16.496946,-49.419565
A-34-02,-16.497036,-49.420257
A-34-01,-16.498126,-49.420287
A-33-01,-16.499266,-49.420783
A-33-02,-16.498916,-49.420161
A-33-03,-16.498718,-49.41923
A-33-04,-16.498628,-49.418707
A-33-05,-16.498528,-49.417948
A-33-06,-16.498417,-49.417229
A-33-07,-16.498327,-49.416515
A-33-08,-16.498245,-49.415834
A-32-01,-16.4988,-49.415445
A-32-05,-16.498728,-49.413989
A-32-06,-16.499541,-49.413122
A-32-04,-16.499322,-49.413643
A-32-03,-16.499399,-49.414209
A-32-02,-16.4995,-49.414895
A-30-13,-16.501318,-49.413391
A-30-12,-16.501426,-49.413941
A-30-11,-16.502043,-49.413973
A-30-10,-16.501925,-49.414984
A-31-01,-16.500117,-49.420952
A-31-02,-16.500112,-49.420523
A-31-03,-16.500117,-49.420102
A-31-04,-16.500112,-49.419466
A-31-05,-16.500099,-49.418554
A-31-06,-16.500117,-49.417932
A-31-07,-16.500112,-49.417291
A-31-08,-16.500102,-49.416628
A-31-09,-16.500109,-49.416194
A-31-10,-16.500109,-49.415534
A-30-01,-16.501889,-49.42034
A-30-02,-16.502059,-49.41982
A-30-03,-16.502056,-49.419187
A-30-04,-16.502043,-49.418559
A-30-05,-16.502051,-49.417886
A-30-06,-16.502056,-49.417234
A-30-07,-16.502061,-49.416655
A-30-08,-16.502056,-49.41592
A-30-09,-16.502051,-49.415282
A-27-11,-16.502717,-49.41967
A-27-12,-16.502915,-49.419141
A-27-13,-16.503365,-49.418562
A-28-01,-16.503815,-49.418028
A-28-02,-16.504291,-49.417511
A-28-03,-16.503859,-49.416652
A-28-08,-16.503823,-49.415987
A-28-09,-16.503813,-49.415662
A-28-10,-16.503784,-49.415003
A-29-05,-16.503733,-49.414034
A-29-06,-16.503712,-49.413576
A-29-04,-16.504381,-49.414611
A-29-03,-16.50496,-49.414517
A-29-02,-16.505649,-49.414434
A-29-01,-16.50641,-49.414311
A-29-11,-16.504291,-49.411988
A-29-10,-16.505062,-49.41243
A-29-09,-16.505574,-49.412996
A-28-16,-16.504551,-49.415789
A-28-15,-16.50524,-49.415536
A-28-14,-16.505844,-49.415322
A-28-13,-16.506585,-49.415051
A-28-12,-16.506999,-49.414552
A-28-11,-16.507179,-49.415762
A-28-07,-16.506307,-49.415834
A-28-06,-16.505821,-49.416006
A-28-05,-16.505091,-49.416261
A-28-04,-16.50445,-49.416478
A-27-10,-16.503373,-49.420563
A-27-09,-16.504039,-49.420265
A-27-08,-16.504553,-49.419849
A-27-06,-16.505587,-49.419039
A-27-05,-16.506114,-49.418629
A-27-04,-16.506618,-49.418224
A-27-03,-16.506955,-49.417961
A-27-02,-16.507431,-49.417575
A-27-01,-16.507976,-49.416824
A-26-17,-16.504353,-49.421818
A-26-02,-16.509072,-49.41828
A-26-01,-16.509743,-49.419211
A-26-03,-16.509144,-49.419664
A-26-05,-16.508696,-49.420142
A-26-07,-16.508267,-49.420563
A-26-09,-16.507631,-49.420796
A-26-11,-16.506937,-49.42111
A-26-13,-16.506382,-49.421472
A-26-19,-16.506197,-49.422121
A-26-18,-16.505415,-49.422161
A-25-10,-16.506865,-49.409928
A-25-09,-16.506683,-49.409558
A-25-08,-16.506482,-49.408965
A-25-07,-16.506413,-49.408721
A-25-05,-16.508339,-49.407538
A-25-04,-16.508462,-49.407769
A-25-03,-16.508789,-49.408362
A-25-02,-16.508892,-49.408697
A-25-01,-16.508699,-49.409217
A-24-12,-16.509002,-49.409815
A-24-10,-16.509054,-49.410033
A-24-08,-16.509244,-49.410692
A-24-06,-16.509313,-49.410982
A-24-02,-16.50894,-49.412154
A-24-04,-16.509488,-49.411636
A-24-01,-16.509573,-49.411907
A-24-13,-16.508627,-49.410478
A-24-14,-16.510049,-49.409362
A-24-15,-16.511036,-49.409078
A-24-16,-16.511229,-49.409394
A-24-11,-16.510147,-49.409775
A-24-09,-16.510267,-49.410234
A-24-17,-16.511373,-49.409842
A-24-07,-16.510401,-49.410708
A-24-18,-16.511677,-49.410261
A-24-19,-16.511831,-49.410719
A-24-20,-16.511934,-49.411258
A-24-05,-16.510532,-49.411178
A-24-03,-16.510689,-49.411639
A-23-21,-16.5101,-49.415322
A-23-20,-16.510419,-49.415582
A-23-19,-16.510918,-49.415794
A-23-18,-16.511479,-49.41607
A-23-17,-16.51197,-49.416301
A-23-16,-16.512546,-49.416601
A-23-08,-16.511821,-49.41371
A-23-01,-16.512014,-49.414056
A-23-07,-16.512584,-49.414037
A-23-06,-16.512896,-49.413994
A-22-07,-16.514122,-49.413367
A-22-08,-16.514225,-49.413761
A-22-09,-16.514508,-49.4143
A-23-05,-16.513611,-49.414895
A-23-04,-16.513302,-49.415062
A-23-09,-16.512793,-49.41552
A-23-10,-16.513009,-49.415936
A-23-11,-16.513135,-49.416202
A-23-12,-16.513371,-49.416644
A-23-13,-16.513577,-49.417036
A-23-14,-16.51422,-49.417473
A-23-15,-16.514577,-49.417663
A-22-19,-16.515853,-49.416969
A-22-18,-16.515755,-49.416631
A-22-17,-16.515426,-49.416008
A-22-16,-16.51529,-49.415754
A-22-11,-16.514999,-49.415161
A-22-10,-16.514832,-49.414898
A-22-12,-16.515771,-49.415228
A-22-13,-16.516023,-49.41497
A-23-03,-16.51261,-49.41518
A-23-02,-16.512296,-49.414579
A-22-14,-16.515843,-49.414635
A-22-15,-16.515647,-49.414262
A-22-22,-16.515367,-49.412994
A-22-23,-16.515367,-49.412613
A-22-24,-16.515416,-49.412044
A-22-02,-16.516375,-49.413047
A-22-20,-16.517008,-49.412353
A-22-03,-16.516843,-49.413375
A-22-01,-16.516997,-49.412948
A-22-04,-16.517121,-49.413694
A-22-05,-16.517368,-49.413935
A-22-06,-16.517712,-49.413809
A-21-14,-16.517568,-49.412862
A-21-15,-16.518093,-49.413533
A-20-04,-16.517717,-49.412613
A-19-11,-16.518126,-49.411124
A-19-10,-16.518008,-49.411873
A-21-13,-16.518453,-49.412758
A-21-12,-16.518913,-49.413399
A-21-11,-16.519067,-49.412658
A-19-09,-16.518682,-49.411779
A-21-09,-16.520248,-49.413957
A-19-08,-16.519363,-49.411768
A-21-10,-16.519767,-49.412554
A-19-07,-16.52014,-49.411636
A-21-08,-16.520458,-49.412422
A-20-03,-16.520672,-49.412176
A-19-06,-16.520831,-49.411553
A-21-07,-16.521024,-49.413597
A-21-06,-16.52132,-49.412299
A-19-05,-16.521497,-49.411451
A-21-05,-16.521742,-49.413361
A-21-04,-16.522048,-49.4122
A-19-04,-16.522217,-49.411339
A-21-03,-16.522469,-49.41312
A-21-02,-16.522706,-49.412103
A-20-02,-16.522603,-49.411897
A-19-03,-16.522973,-49.411223
A-21-01,-16.523272,-49.412117
A-19-02,-16.523539,-49.41113
A-19-01,-16.524143,-49.411038
A-20-01,-16.524066,-49.411671
A-18-10,-16.518638,-49.408212
A-18-09,-16.519196,-49.408319
A-18-08,-16.520098,-49.408541
A-18-07,-16.520739,-49.40867
A-18-06,-16.5214,-49.408831
A-18-05,-16.521991,-49.408965
A-18-04,-16.522724,-49.409121
A-18-03,-16.523393,-49.409284
A-18-02,-16.523758,-49.409357
A-18-01,-16.524519,-49.409491
A-17-10,-16.519124,-49.406355
A-17-09,-16.519821,-49.406511
A-17-08,-16.520474,-49.406653
A-17-07,-16.521127,-49.406811
A-17-06,-16.521773,-49.406967
A-17-05,-16.522415,-49.407109
A-17-04,-16.523105,-49.407275
A-17-03,-16.523776,-49.407423
A-17-02,-16.524375,-49.407549
A-17-01,-16.524748,-49.407637
A-17-18,-16.520222,-49.404459
A-17-17,-16.520919,-49.404609
A-17-16,-16.521263,-49.404703
A-17-15,-16.522004,-49.404877
A-17-14,-16.522868,-49.405044
A-17-13,-16.523547,-49.405202
A-17-12,-16.524102,-49.405306
A-17-11,-16.524671,-49.405886
A-22-21,-16.516511,-49.411873
A-25-06,-16.506297,-49.408144
A-26-12,-16.506297,-49.420214
A-26-10,-16.507027,-49.419967
A-26-08,-16.507503,-49.419506
A-26-06,-16.507945,-49.419131
A-26-04,-16.50847,-49.418768
A-26-14,-16.505767,-49.420633
A-26-16,-16.504663,-49.421347
A-27-07,-16.505051,-49.419465
A-26-15,-16.505358,-49.42118
A-29-08,-16.50507,-49.413329
A-29-07,-16.504365,-49.413556
A-11-25,-16.533027,-49.40642
A-11-24,-16.532786,-49.405768
A-11-23,-16.532644,-49.40532
A-11-22,-16.532657,-49.404344
A-11-21,-16.532639,-49.403617
A-11-20,-16.532634,-49.40304
A-11-19,-16.532709,-49.402437
A-11-16,-16.533521,-49.402107
A-11-17,-16.533693,-49.402611
A-11-18,-16.533665,-49.40312
A-11-15,-16.534458,-49.401715
A-11-14,-16.535473,-49.401825
A-11-11,-16.53464,-49.402711
A-11-10,-16.533879,-49.403708
A-11-09,-16.534851,-49.403311
A-11-07,-16.535,-49.403858
A-11-12,-16.535992,-49.402163
A-11-08,-16.534128,-49.404354
A-11-05,-16.535429,-49.404242
A-11-06,-16.53448,-49.404955
A-11-04,-16.534696,-49.405634
A-11-02,-16.534807,-49.406283
A-11-03,-16.535758,-49.404861
A-11-01,-16.536056,-49.405564
A-11-28,-16.536792,-49.403536
A-11-27,-16.5371,-49.404137
A-12-01,-16.538695,-49.404057
A-12-02,-16.538592,-49.403408
A-12-08,-16.538059,-49.402683
A-12-03,-16.539425,-49.40282
A-12-04,-16.539183,-49.402243
A-12-05,-16.540034,-49.402694
A-12-06,-16.539764,-49.401989
A-12-07,-16.541076,-49.402399
A-12-09,-16.537766,-49.402273
A-12-10,-16.538422,-49.401887
A-12-11,-16.539057,-49.401573
A-12-12,-16.539708,-49.401315
A-12-13,-16.541132,-49.400953
A-12-14,-16.539348,-49.400835
A-12-15,-16.540721,-49.400226
A-12-16,-16.539217,-49.400084
A-12-17,-16.540273,-49.399652
A-12-18,-16.537746,-49.40058
A-12-19,-16.537401,-49.401407
A-12-20,-16.537057,-49.400707
A-12-19,-16.541196,-49.402984
A-13-07,-16.541109,-49.401573
A-13-01,-16.542608,-49.40285
A-13-03,-16.54258,-49.402243
A-13-05,-16.54259,-49.40146
A-13-09,-16.542569,-49.400835
A-13-02,-16.543978,-49.403005
A-13-04,-16.544053,-49.402402
A-13-06,-16.544032,-49.4016
A-13-08,-16.544076,-49.400983
A-13-10,-16.542338,-49.400165
A-13-11,-16.542351,-49.399559
A-13-12,-16.541644,-49.399086
A-13-13,-16.545531,-49.403555
A-13-14,-16.545593,-49.402783
A-13-15,-16.545591,-49.402166
A-13-16,-16.545593,-49.401181
A-13-17,-16.544328,-49.400151
A-13-18,-16.54396,-49.399489
A-13-21,-16.543562,-49.39906
A-14-01,-16.543804,-49.397491
A-14-02,-16.54395,-49.396689
A-14-03,-16.544053,-49.396152
A-14-04,-16.54368,-49.395417
A-14-05,-16.543359,-49.394827
A-14-07,-16.542495,-49.395294
A-14-08,-16.544356,-49.394486
A-14-10,-16.543485,-49.394039
A-14-09,-16.543876,-49.393792
A-14-11,-16.543055,-49.392778
A-14-12,-16.54269,-49.392207
A-14-13,-16.542158,-49.391673
A-14-14,-16.541883,-49.391423
A-14-15,-16.542621,-49.392845
A-14-16,-16.541762,-49.39314
A-14-17,-16.54142,-49.393341
A-14-18,-16.541132,-49.392719
A-14-19,-16.540934,-49.392384
A-14-20,-16.540687,-49.391909
A-14-21,-16.539888,-49.391123
A-15-01,-16.546331,-49.403743
A-15-02,-16.546172,-49.402925
A-15-03,-16.546184,-49.402262
A-15-04,-16.546146,-49.401645
A-15-05,-16.547969,-49.404108
A-15-06,-16.547827,-49.403566
A-15-07,-16.547848,-49.40286
A-15-08,-16.547815,-49.402032
A-15-09,-16.549098,-49.405172
A-15-10,-16.549308,-49.404722
A-15-11,-16.549406,-49.404306
A-15-12,-16.549637,-49.403928
A-15-13,-16.549622,-49.403139
A-15-14,-16.549622,-49.402447
A-16-01,-16.549933,-49.405006
A-16-02,-16.550103,-49.40415
A-16-03,-16.551021,-49.403802
A-16-04,-16.551532,-49.403673
A-16-05,-16.55118,-49.403137
A-16-06,-16.550486,-49.405054
A-16-07,-16.550746,-49.404346
A-16-08,-16.551563,-49.405095
A-16-09,-16.551939,-49.404636
A-16-11,-16.551555,-49.406146
A-16-10,-16.551609,-49.405738
A-16-12,-16.552607,-49.40606
A-16-13,-16.552831,-49.405272
A-16-14,-16.552844,-49.404834
A-14-22,-16.539618,-49.393148
A-14-23,-16.538851,-49.392668
A-14-24,-16.538304,-49.392129
A-13-20,-16.544292,-49.398824
A-13-19,-16.544855,-49.399827
A-14-06,-16.543048,-49.395058
A-11-13,-16.534344,-49.402291
A-11-26,-16.53753,-49.404732
A-16-15,-16.550404,-49.403338
A-16-16,-16.550452,-49.401297
A-16-17,-16.550499,-49.399373
A-16-18,-16.550535,-49.397713
A-36-01,-16.495804,-49.415327
A-36-02,-16.495976,-49.414665
A-36-03,-16.496146,-49.414034
A-36-04,-16.496306,-49.413369
A-36-05,-16.496537,-49.412527
A-36-06,-16.496653,-49.412042
A-41-44,-16.500053,-49.432
A-41-43,-16.499916,-49.432673
A-41-42,-16.499778,-49.433354
A-41-41,-16.499628,-49.434143
A-41-45,-16.500228,-49.431552
A-41-46,-16.500233,-49.430836
A-41-40,-16.50024,-49.432558
A-41-39,-16.500688,-49.432641
A-41-38,-16.500258,-49.433362
A-41-37,-16.500261,-49.434282
A-41-26,-16.500276,-49.434884
A-41-36,-16.500512,-49.434632
A-41-35,-16.50116,-49.434142
A-41-34,-16.501813,-49.433411
A-41-33,-16.501453,-49.432923
A-41-32,-16.50203,-49.432458
A-41-31,-16.501771,-49.431254
A-41-30,-16.501026,-49.430806
A-41-28,-16.501231,-49.430243
A-41-27,-16.500773,-49.430053
A-41-47,-16.500036,-49.429689
A-40-05,-16.500103,-49.428752
A-41-25,-16.500276,-49.435656
A-41-24,-16.50006,-49.436117
A-41-23,-16.500654,-49.435991
A-41-22,-16.501177,-49.435607
A-41-21,-16.501735,-49.4352
A-41-20,-16.502221,-49.434811
A-41-19,-16.502745,-49.434408
A-41-18,-16.503252,-49.43403
A-42-41,-16.503995,-49.435125
A-42-42,-16.503532,-49.435524
A-42-43,-16.503144,-49.43583
A-42-44,-16.502655,-49.436267
A-42-45,-16.502151,-49.436704
A-42-46,-16.501645,-49.437139
A-42-47,-16.501224,-49.437501
A-44-11,-16.504158,-49.436596
A-44-12,-16.504441,-49.436066
A-44-13,-16.504691,-49.435437
A-44-14,-16.504943,-49.434822
A-44-15,-16.505191,-49.434194
A-44-16,-16.505433,-49.43356
A-44-17,-16.505691,-49.432949
A-44-18,-16.505955,-49.432284
A-44-09,-16.507315,-49.432786
A-44-08,-16.507106,-49.433521
A-44-07,-16.506655,-49.434632
A-44-06,-16.506341,-49.435396
A-44-05,-16.506065,-49.436083
A-44-04,-16.505818,-49.436664
A-44-03,-16.505538,-49.437357
A-44-02,-16.505348,-49.437936
A-44-01,-16.505575,-49.43852
A-44-10,-16.504117,-49.437399
A-42-34,-16.503859,-49.438054
A-42-35,-16.503301,-49.438438
A-42-36,-16.502984,-49.438665
A-42-37,-16.502398,-49.439054
A-42-38,-16.501994,-49.439357
A-42-19,-16.503941,-49.439301
A-42-18,-16.503517,-49.440556
A-42-20,-16.503725,-49.439888
A-42-21,-16.503216,-49.440213
A-42-22,-16.502853,-49.440479
A-42-23,-16.502113,-49.440615
A-42-33,-16.501681,-49.439684
A-42-40,-16.501297,-49.438901
A-42-39,-16.500943,-49.439185
A-42-48,-16.500732,-49.437965
A-41-16,-16.500179,-49.437544
A-41-15,-16.500042,-49.43822
A-41-14,-16.49988,-49.439078
A-41-13,-16.499739,-49.439778
A-42-30,-16.501539,-49.440645
A-42-31,-16.501089,-49.440489
A-42-32,-16.500756,-49.439918
A-42-28,-16.500652,-49.441428
A-42-27,-16.500241,-49.441131
A-42-25,-16.499613,-49.440431
A-42-17,-16.502421,-49.441675
A-42-16,-16.502704,-49.442656
A-42-10,-16.503098,-49.444089
A-42-09,-16.502734,-49.444639
A-42-08,-16.502443,-49.444881
A-42-07,-16.501971,-49.445443
A-42-06,-16.501753,-49.445763
A-42-05,-16.504371,-49.445495
A-42-04,-16.504108,-49.44601
A-42-03,-16.503903,-49.446224
A-42-02,-16.503337,-49.446729
A-42-01,-16.50311,-49.446927
A-42-15,-16.502288,-49.442627
A-42-14,-16.501621,-49.44282
A-42-13,-16.50057,-49.443016
A-42-12,-16.500804,-49.443423
A-42-11,-16.501331,-49.443329
A-41-02,-16.499163,-49.442825
A-41-01,-16.499796,-49.443179
A-41-04,-16.498139,-49.442262
A-41-05,-16.498335,-49.441267
A-41-06,-16.498481,-49.440584
A-41-07,-16.498596,-49.439982
A-41-08,-16.498713,-49.439326
A-41-09,-16.498849,-49.438644
A-41-10,-16.499001,-49.437867
A-41-11,-16.499133,-49.437144
A-41-12,-16.499336,-49.435969
A-39-10,-16.498337,-49.436037
A-39-11,-16.498201,-49.43671
A-39-12,-16.49808,-49.437367
A-39-13,-16.497949,-49.438021
A-39-14,-16.497826,-49.438679
A-39-15,-16.497697,-49.439384
A-39-16,-16.497571,-49.44002
A-39-17,-16.497453,-49.440679
A-39-18,-16.497332,-49.441345
A-39-19,-16.49719,-49.442085
A-39-20,-16.497355,-49.442498
A-39-24,-16.498389,-49.445338
A-39-23,-16.498085,-49.444841
A-39-22,-16.49751,-49.443944
A-39-26,-16.496851,-49.44404
A-39-27,-16.496318,-49.443762
A-39-40,-16.495915,-49.445032
A-39-21,-16.496414,-49.44254
A-38-47,-16.495894,-49.441732
A-38-01,-16.495552,-49.442557
A-38-02,-16.495159,-49.441831
A-38-03,-16.494732,-49.441198
A-38-04,-16.494073,-49.440082
A-38-05,-16.494361,-49.439244
A-38-06,-16.495192,-49.440643
A-39-28,-16.495732,-49.443451
A-39-39,-16.495394,-49.444827
A-39-38,-16.494865,-49.444438
A-39-29,-16.495156,-49.44314
A-39-37,-16.494253,-49.444111
A-39-36,-16.493502,-49.443816
A-39-35,-16.493032,-49.443557
A-39-34,-16.49226,-49.443099
A-39-33,-16.492834,-49.441892
A-39-32,-16.493317,-49.442118
A-39-31,-16.493922,-49.442456
A-39-30,-16.494575,-49.44281
A-38-46,-16.496204,-49.440421
A-38-45,-16.496393,-49.439466
A-38-44,-16.496536,-49.438734
A-38-43,-16.49668,-49.438009
A-38-42,-16.496823,-49.437262
A-38-41,-16.496964,-49.436529
A-38-40,-16.497099,-49.435815
A-38-39,-16.497243,-49.435084
A-38-38,-16.497384,-49.434345
A-38-37,-16.497597,-49.433179
A-38-36,-16.49772,-49.43243
A-38-35,-16.497847,-49.43176
A-38-34,-16.498013,-49.43073
A-38-29,-16.497165,-49.430707
A-38-28,-16.497134,-49.431423
A-38-27,-16.497301,-49.432485
A-38-26,-16.496704,-49.432536
A-38-25,-16.496594,-49.432043
A-38-24,-16.496025,-49.432102
A-38-23,-16.497013,-49.433875
A-38-22,-16.496499,-49.433596
A-38-21,-16.496051,-49.433362
A-38-20,-16.495429,-49.433008
A-38-19,-16.496699,-49.434631
A-38-18,-16.496216,-49.435479
A-38-17,-16.496036,-49.435996
A-38-15,-16.495418,-49.435704
A-38-16,-16.494909,-49.436584
A-38-14,-16.495578,-49.435009
A-38-13,-16.495123,-49.434779
A-38-12,-16.495305,-49.434301
A-38-11,-16.495848,-49.436873
A-38-10,-16.495706,-49.437632
A-38-09,-16.495583,-49.438322
A-38-08,-16.495429,-49.43907
A-38-07,-16.495328,-49.439615
A-38-33,-16.497087,-49.429985
A-38-32,-16.496411,-49.429905
A-38-31,-16.496136,-49.429564
A-38-30,-16.495372,-49.429648
A-37-24,-16.497,-49.428929
A-37-23,-16.496931,-49.428215
A-37-22,-16.496866,-49.427523
A-37-21,-16.496815,-49.42681
A-37-20,-16.496851,-49.426314
A-37-19,-16.497005,-49.425705
A-37-18,-16.497129,-49.42509
A-37-25,-16.497926,-49.429817
A-37-26,-16.497864,-49.429106
A-37-27,-16.497808,-49.428403
A-37-28,-16.497738,-49.4277
A-37-29,-16.497684,-49.426692
A-37-30,-16.497913,-49.425785
A-37-31,-16.498111,-49.425104
A-37-32,-16.498515,-49.423551
A-37-17,-16.49735,-49.42417
A-37-16,-16.497527,-49.423256
A-37-15,-16.496226,-49.427416
A-37-14,-16.495573,-49.426815
A-37-13,-16.495796,-49.425833
A-37-12,-16.495943,-49.425262
A-37-11,-16.496113,-49.424554
A-37-10,-16.496321,-49.423647
A-37-09,-16.496236,-49.422357
A-37-08,-16.495622,-49.423186
A-37-07,-16.495048,-49.42288
A-37-06,-16.495526,-49.423929
A-37-05,-16.494132,-49.423591
A-37-04,-16.49539,-49.424369
A-37-03,-16.494408,-49.424146
A-37-02,-16.495179,-49.425074
A-37-01,-16.495153,-49.425734
A-40-10,-16.499032,-49.425436
A-40-11,-16.499762,-49.425624
A-40-12,-16.500042,-49.42519
A-40-23,-16.500258,-49.424728
A-40-13,-16.499659,-49.424396
A-40-24,-16.50058,-49.424325
A-40-22,-16.500311,-49.423347
A-40-21,-16.500176,-49.422698
A-40-20,-16.500462,-49.422905
A-40-19,-16.499502,-49.422671
A-40-18,-16.500071,-49.421815
A-40-17,-16.50041,-49.421328
A-40-16,-16.50113,-49.421343
A-40-15,-16.501135,-49.421899
A-40-14,-16.500948,-49.42236
A-40-35,-16.501747,-49.422451
A-40-37,-16.501403,-49.422993
A-40-25,-16.501065,-49.423542
A-40-36,-16.501578,-49.422718
A-40-08,-16.500549,-49.426461
A-40-07,-16.499963,-49.427183
A-40-06,-16.500233,-49.428093
A-39-01,-16.499392,-49.429414
A-39-02,-16.498868,-49.430238
A-39-03,-16.499428,-49.430329
A-39-04,-16.499284,-49.431048
A-39-05,-16.49907,-49.43211
A-39-06,-16.498939,-49.432821
A-39-07,-16.498759,-49.433751
A-39-08,-16.498589,-49.434703
A-39-09,-16.498448,-49.435355
A-43-04,-16.501076,-49.42751
A-43-05,-16.501426,-49.426858
A-43-06,-16.501722,-49.426183
A-43-13,-16.502664,-49.426391
A-43-14,-16.502779,-49.425841
A-43-03,-16.502182,-49.425705
A-43-02,-16.501867,-49.425635
A-43-01,-16.500654,-49.42523
A-43-12,-16.502311,-49.427231
A-43-11,-16.502097,-49.427829
A-43-09,-16.501539,-49.4281
A-43-10,-16.501881,-49.428443
A-43-08,-16.501516,-49.429293
A-43-16,-16.503391,-49.432096
A-43-17,-16.503139,-49.431522
A-43-18,-16.503188,-49.430852
A-43-19,-16.503324,-49.429977
A-43-20,-16.503494,-49.429261
A-43-21,-16.503769,-49.428226
A-43-22,-16.503944,-49.427539
A-43-23,-16.50414,-49.426837
A-43-24,-16.504188,-49.426209
A-43-15,-16.503876,-49.42613
A-43-25,-16.50453,-49.426297
A-43-31,-16.505006,-49.425844
A-43-30,-16.504491,-49.425461
A-43-29,-16.503752,-49.424998
A-43-28,-16.503143,-49.424578
A-43-27,-16.50266,-49.424256
A-43-26,-16.501719,-49.423647
A-43-41,-16.505734,-49.426702
A-43-40,-16.5056,-49.427208
A-43-39,-16.505326,-49.428268
A-43-38,-16.505128,-49.429032
A-43-37,-16.504943,-49.429756
A-43-36,-16.504756,-49.43049
A-43-35,-16.504651,-49.431217
A-43-34,-16.504625,-49.431695
A-43-33,-16.504487,-49.432226
A-44-26,-16.506685,-49.426798
A-44-25,-16.507287,-49.427047
A-44-24,-16.507034,-49.427967
A-44-23,-16.506864,-49.428619
A-44-22,-16.506684,-49.42934
A-44-21,-16.506477,-49.430063
A-44-20,-16.506297,-49.430798
A-44-19,-16.506095,-49.431588
A-45-07,-16.508753,-49.427208
A-45-06,-16.50865,-49.428066
A-45-05,-16.508457,-49.428795
A-45-04,-16.508265,-49.42953
A-45-03,-16.508066,-49.430275
A-45-02,-16.507873,-49.431064
A-45-01,-16.507652,-49.431765
A-45-08,-16.509225,-49.426352
A-45-09,-16.508154,-49.42601
A-45-10,-16.508778,-49.425605
A-45-11,-16.509463,-49.425123
A-45-12,-16.510054,-49.424739
A-45-13,-16.509442,-49.423945
A-45-14,-16.509146,-49.423334
A-45-15,-16.508881,-49.422789
A-45-16,-16.508517,-49.422167
A-45-20,-16.508645,-49.423961
A-45-19,-16.508233,-49.424321
A-45-18,-16.507863,-49.424911
A-45-17,-16.507454,-49.425528
A-45-21,-16.506989,-49.425217
A-45-22,-16.506387,-49.424814
A-45-23,-16.505857,-49.424449
A-45-24,-16.506261,-49.423824
A-45-25,-16.506634,-49.423242
A-45-26,-16.507097,-49.422918
A-45-27,-16.507709,-49.423345
A-40-04,-16.49933,-49.428636
A-40-03,-16.498466,-49.428333
A-40-02,-16.498638,-49.427561
A-40-01,-16.498769,-49.426906
A-43-32,-16.505268,-49.426469
A-40-33,-16.502113,-49.422197
A-40-32,-16.502612,-49.422481
A-40-31,-16.503289,-49.422707
A-40-28,-16.504482,-49.422309
A-40-27,-16.503825,-49.422089
A-40-26,-16.502938,-49.421833
A-40-29,-16.506279,-49.422859
A-48-01,-16.517517,-49.428996
A-48-02,-16.516948,-49.428469
A-48-03,-16.516702,-49.428213
A-48-04,-16.516267,-49.428688
A-48-06,-16.515377,-49.426834
A-48-07,-16.514991,-49.426418
A-48-08,-16.514513,-49.425914
A-48-09,-16.5148,-49.42716
A-48-10,-16.514268,-49.427486
A-48-11,-16.513665,-49.427773
A-48-12,-16.513096,-49.428437
A-48-13,-16.514081,-49.428773
A-48-14,-16.515047,-49.429051
A-48-15,-16.512881,-49.4292
A-48-16,-16.512554,-49.43034
A-48-17,-16.512482,-49.431101
A-48-18,-16.514167,-49.430794
A-48-19,-16.514421,-49.430299
A-48-20,-16.51556,-49.430644
A-48-21,-16.514473,-49.429623
A-47-09,-16.512957,-49.426732
A-47-10,-16.512136,-49.425591
A-47-11,-16.511948,-49.425153
A-47-12,-16.51204,-49.4249
A-47-13,-16.5122,-49.424258
A-47-19,-16.511158,-49.424313
A-47-18,-16.511705,-49.423929
A-47-17,-16.512614,-49.423334
A-47-16,-16.513019,-49.423979
A-47-15,-16.512795,-49.424456
A-47-14,-16.512878,-49.424933
A-47-06,-16.512343,-49.42687
A-47-07,-16.512199,-49.427364
A-47-04,-16.511031,-49.42575
A-47-03,-16.510872,-49.426193
A-47-05,-16.511239,-49.425077
A-47-01,-16.510296,-49.427622
A-48-24,-16.511533,-49.428625
A-48-25,-16.511974,-49.429475
A-48-26,-16.511067,-49.429077
A-46-01,-16.5101,-49.428752
A-48-27,-16.511337,-49.429862
A-48-28,-16.511686,-49.430751
A-48-29,-16.511906,-49.431356
A-48-30,-16.512266,-49.432332
A-46-02,-16.509805,-49.429936
A-46-03,-16.509627,-49.430673
A-46-04,-16.509442,-49.431399
A-46-05,-16.509245,-49.432115
A-46-06,-16.508915,-49.433274
A-46-07,-16.508753,-49.434007
A-46-08,-16.508512,-49.434616
A-46-09,-16.508264,-49.435249
A-46-10,-16.50793,-49.43609
A-46-11,-16.507704,-49.436665
A-46-12,-16.507853,-49.437513
A-46-13,-16.508146,-49.436847
A-46-14,-16.50902,-49.43645
A-46-15,-16.509905,-49.436064
A-46-16,-16.509905,-49.436493
A-46-17,-16.510692,-49.43572
A-46-18,-16.510877,-49.436198
A-46-22,-16.509931,-49.435232
A-46-23,-16.510807,-49.43413
A-46-24,-16.511229,-49.433761
A-46-25,-16.511218,-49.432797
A-46-19,-16.511576,-49.435308
A-46-20,-16.512343,-49.434981
A-46-21,-16.512991,-49.435238
A-47-20,-16.511324,-49.422977
A-47-21,-16.511016,-49.42236
A-47-22,-16.51055,-49.42141
A-49-02,-16.517626,-49.427275
A-49-16,-16.516738,-49.425377
A-49-03,-16.517402,-49.426338
A-49-04,-16.517946,-49.426259
A-49-05,-16.51839,-49.425782
A-51-11,-16.518617,-49.427517
A-51-12,-16.518804,-49.427201
A-49-01,-16.518057,-49.428162
A-49-06,-16.517542,-49.425546
A-49-07,-16.5179,-49.425027
A-49-08,-16.517689,-49.424487
A-49-09,-16.518372,-49.425014
A-49-10,-16.518643,-49.424549
A-49-11,-16.519025,-49.423984
A-49-12,-16.519417,-49.423444
A-49-13,-16.51981,-49.422794
A-49-14,-16.519445,-49.422486
A-50-05,-16.520417,-49.423339
A-50-04,-16.52008,-49.423945
A-50-03,-16.51971,-49.424546
A-50-02,-16.519376,-49.425115
A-50-01,-16.519072,-49.425683
A-51-14,-16.519472,-49.426052
A-51-13,-16.519166,-49.426591
A-51-10,-16.51934,-49.42685
A-51-09,-16.519641,-49.427236
A-51-08,-16.520109,-49.427853
A-51-02,-16.520446,-49.428266
A-51-01,-16.521034,-49.429039
A-51-03,-16.520586,-49.427995
A-51-04,-16.521087,-49.427565
A-51-05,-16.521677,-49.427218
A-51-06,-16.520961,-49.42692
A-51-07,-16.520309,-49.426053
A-49-17,-16.516673,-49.424429
A-49-18,-16.517032,-49.423922
A-49-19,-16.517424,-49.423362
A-49-20,-16.518054,-49.422478
A-49-21,-16.518491,-49.421854
A-49-22,-16.516159,-49.424271
A-49-23,-16.515812,-49.423591
A-49-24,-16.515349,-49.422835
A-49-25,-16.514963,-49.422507
A-49-26,-16.51421,-49.421952
A-49-27,-16.513821,-49.421496
A-49-28,-16.514166,-49.421123
A-49-30,-16.514577,-49.420676
A-49-32,-16.515097,-49.420094
A-49-34,-16.515524,-49.419552
A-49-35,-16.51502,-49.419147
A-49-33,-16.514256,-49.419405
A-49-31,-16.513789,-49.419913
A-49-29,-16.513321,-49.42042
A-50-31,-16.5152,-49.420633
A-50-29,-16.515476,-49.421354
A-50-30,-16.516192,-49.420805
A-50-28,-16.515773,-49.422195
A-50-27,-16.516178,-49.421758
A-50-26,-16.516673,-49.421337
A-50-25,-16.51722,-49.420818
A-50-24,-16.51783,-49.421284
A-50-16,-16.518014,-49.420364
A-50-17,-16.517789,-49.42022
A-50-19,-16.517212,-49.419785
A-50-20,-16.516698,-49.419401
A-50-23,-16.516063,-49.418935
A-50-22,-16.51714,-49.418431
A-50-21,-16.517828,-49.418515
A-50-18,-16.518406,-49.418881
A-50-06,-16.520849,-49.422583
A-50-07,-16.520559,-49.422261
A-50-09,-16.519978,-49.42183
A-50-11,-16.519427,-49.421437
A-50-12,-16.518885,-49.421028
A-50-13,-16.519601,-49.419499
A-50-15,-16.520147,-49.419925
A-50-10,-16.520829,-49.420089
A-50-08,-16.521436,-49.420389
A-52-07,-16.521918,-49.420902
A-52-06,-16.522205,-49.421177
A-52-05,-16.522854,-49.421708
A-52-04,-16.523322,-49.42214
A-52-03,-16.524161,-49.422259
A-52-02,-16.524701,-49.422443
A-52-01,-16.525406,-49.422739
A-52-08,-16.526116,-49.421188
A-52-09,-16.525423,-49.421091
A-52-10,-16.524896,-49.420625
A-52-11,-16.524291,-49.420311
A-52-12,-16.52371,-49.419965
A-52-13,-16.523078,-49.419708
A-52-14,-16.522847,-49.418777
A-53-20,-16.523309,-49.417752
A-53-01,-16.523675,-49.418383
A-53-02,-16.524289,-49.418656
A-53-03,-16.52488,-49.41898
A-53-05,-16.526106,-49.41954
A-53-06,-16.526718,-49.419819
A-53-11,-16.526197,-49.417687
A-53-10,-16.525581,-49.417411
A-53-09,-16.525069,-49.416906
A-53-08,-16.524361,-49.41684
A-53-12,-16.526001,-49.416384
A-53-14,-16.524941,-49.415078
A-53-15,-16.524485,-49.414928
A-53-16,-16.523926,-49.414701
A-53-17,-16.523781,-49.416683
A-53-20,-16.523058,-49.41668
A-53-19,-16.522604,-49.416058
A-52-15,-16.522345,-49.418288
A-52-16,-16.521688,-49.418103
A-52-17,-16.521047,-49.41783
A-52-18,-16.520499,-49.417453
A-52-19,-16.519881,-49.417215
A-52-21,-16.518416,-49.417196
A-39-25,-16.497815,-49.444431
A-42-24,-16.498516,-49.442226
A-41-03,-16.498906,-49.442651
A-42-26,-16.499872,-49.440912
A-50-14,-16.518993,-49.419193
A-45-28,-16.505219,-49.424026
A-47-02,-16.510679,-49.426855
A-47-08,-16.512811,-49.426286
A-53-04,-16.525483,-49.419287
A-52-20,-16.519149,-49.417161
A-48-05,-16.516187,-49.42768
A-41-17,-16.500292,-49.436869
A-42-29,-16.501128,-49.44104
A-41-29,-16.500829,-49.431639
A-40-34,-16.502257,-49.421805
A-43-07,-16.501187,-49.429167
A-48-23,-16.511332,-49.427928
A-48-22,-16.51207,-49.428171
A-49-15,-16.517085,-49.426065
A-40-30,-16.504329,-49.423006
A-40-09,-16.499408,-49.426142
A-53-07,-16.526644,-49.418325
A-53-13,-16.525648,-49.415531
A-56-15,-16.561012,-49.402359
A-56-14,-16.560814,-49.402099
A-56-13,-16.560306,-49.401578
A-56-12,-16.560104,-49.401354
A-56-11,-16.559632,-49.400858
A-56-10,-16.559421,-49.400629
A-56-09,-16.558938,-49.400113
A-56-08,-16.55874,-49.399897
A-56-07,-16.558253,-49.399386
A-56-06,-16.55805,-49.399168
A-56-05,-16.55757,-49.398658
A-56-04,-16.557365,-49.398446
A-56-03,-16.556871,-49.397932
A-56-02,-16.556675,-49.397723
A-56-01,-16.556238,-49.397333
A-56-30,-16.559204,-49.40377
A-56-29,-16.559179,-49.403199
A-56-28,-16.558703,-49.402934
A-56-27,-16.558397,-49.402538
A-56-26,-16.558296,-49.401982
A-56-25,-16.558028,-49.401643
A-56-24,-16.557805,-49.40119
A-56-23,-16.557215,-49.400933
A-56-22,-16.556915,-49.400534
A-56-21,-16.556619,-49.400136
A-56-20,-16.556549,-49.399642
A-56-19,-16.556249,-49.399238
A-56-18,-16.55577,-49.398982
A-56-17,-16.555473,-49.398586
A-56-16,-16.555403,-49.398005
A-57-13,-16.557741,-49.404893
A-57-12,-16.557483,-49.40444
A-57-11,-16.557355,-49.404013
A-57-10,-16.556989,-49.403777
A-57-09,-16.556605,-49.403249
A-57-08,-16.556617,-49.402767
A-57-07,-16.556395,-49.40214
A-57-06,-16.556059,-49.401784
A-57-05,-16.55572,-49.401419
A-57-04,-16.555506,-49.4012
A-57-03,-16.555019,-49.40069
A-57-02,-16.554697,-49.400343
A-57-01,-16.554641,-49.399894
A-57-20,-16.556109,-49.405811
A-57-19,-16.55591,-49.405498
A-57-18,-16.555798,-49.405221
A-57-17,-16.555529,-49.404556
A-57-16,-16.555333,-49.404092
A-57-15,-16.555218,-49.40382
A-57-14,-16.555061,-49.403238
A-57-29,-16.554062,-49.40602
A-57-28,-16.554091,-49.405342
A-57-27,-16.554108,-49.404995
A-57-25,-16.553973,-49.404373
A-57-24,-16.553833,-49.40372
A-57-23,-16.552913,-49.403445
A-57-22,-16.552602,-49.403942
A-57-21,-16.551966,-49.403035
A-57-26,-16.553441,-49.404956
A-55-38,-16.563395,-49.395387
A-55-37,-16.563016,-49.395399
A-55-36,-16.562342,-49.395253
A-55-35,-16.562039,-49.395187
A-55-34,-16.561347,-49.395054
A-55-33,-16.560853,-49.394947
A-55-32,-16.560547,-49.394884
A-55-31,-16.559855,-49.394747
A-55-30,-16.559558,-49.39468
A-55-29,-16.558856,-49.394546
A-55-28,-16.558481,-49.394034
A-55-27,-16.563309,-49.394051
A-55-26,-16.562945,-49.393879
A-55-25,-16.562249,-49.393694
A-55-24,-16.561947,-49.393617
A-55-23,-16.561254,-49.393429
A-55-22,-16.560757,-49.393284
A-55-21,-16.56026,-49.393147
A-55-20,-16.559942,-49.39306
A-55-19,-16.559433,-49.392934
A-55-18,-16.558941,-49.392804
A-55-17,-16.558395,-49.392727
A-55-16,-16.563179,-49.39194
A-55-15,-16.562801,-49.391907
A-55-14,-16.562241,-49.391678
A-55-13,-16.561746,-49.391533
A-55-12,-16.561142,-49.391459
A-55-11,-16.560694,-49.391465
A-55-10,-16.563051,-49.390598
A-55-09,-16.562728,-49.390717
A-55-08,-16.562054,-49.390864
A-55-07,-16.561759,-49.390921
A-55-06,-16.561286,-49.391022
A-55-05,-16.560602,-49.391151
A-55-04,-16.560285,-49.391224
A-55-03,-16.559767,-49.391091
A-55-02,-16.559248,-49.390963
A-55-01,-16.558774,-49.390985
A-54-33,-16.562689,-49.388652
A-54-32,-16.562328,-49.388653
A-54-30,-16.561848,-49.389085
A-54-31,-16.561672,-49.388145
A-54-29,-16.561239,-49.389193
A-54-28,-16.560754,-49.389296
A-54-24,-16.560367,-49.389511
A-54-27,-16.56021,-49.388664
A-54-26,-16.560829,-49.388552
A-54-25,-16.561225,-49.388394
A-54-23,-16.559737,-49.389167
A-54-22,-16.559456,-49.389232
A-54-21,-16.558927,-49.389427
A-54-20,-16.562193,-49.385954
A-54-19,-16.561833,-49.386003
A-54-18,-16.561178,-49.386236
A-54-17,-16.560712,-49.386394
A-54-16,-16.560443,-49.386488
A-54-15,-16.559777,-49.386721
A-54-14,-16.55951,-49.386823
A-54-13,-16.558991,-49.387078
A-54-12,-16.562085,-49.385391
A-54-11,-16.561763,-49.385589
A-54-10,-16.561107,-49.385818
A-54-09,-16.560826,-49.385911
A-54-08,-16.560371,-49.386075
A-54-07,-16.559821,-49.386185
A-54-06,-16.561885,-49.384302
A-54-05,-16.561527,-49.384298
A-54-04,-16.560845,-49.384446
A-54-03,-16.560572,-49.384511
A-54-02,-16.559896,-49.384661
A-54-01,-16.559562,-49.384801
A-57-30,-16.555165,-49.406213
A-17-33,-16.517359,-49.402387
A-17-31,-16.516961,-49.402991
A-17-32,-16.518274,-49.403299
A-17-30,-16.516072,-49.404366
A-17-29,-16.518068,-49.404803
A-17-27,-16.518826,-49.403927
A-17-28,-16.519994,-49.405289
A-17-26,-16.51958,-49.404324
A-17-22,-16.520564,-49.402616
A-17-23,-16.521007,-49.400549
A-17-24,-16.521599,-49.400764
A-17-25,-16.522283,-49.400944
A-17-21,-16.52192,-49.402892
A-17-20,-16.522596,-49.403043
A-17-19,-16.523081,-49.403228
A-59-04,-16.557622,-49.415362
A-59-07,-16.559012,-49.416976
A-59-06,-16.559114,-49.416448
A-59-09,-16.558517,-49.417278
A-59-10,-16.558163,-49.417652
A-59-11,-16.557837,-49.417881
A-59-12,-16.557524,-49.416828
A-59-05,-16.557432,-49.415919
A-59-03,-16.557997,-49.415191
A-59-02,-16.558549,-49.414718
A-59-01,-16.558656,-49.414278
A-59-13,-16.559121,-49.41891
A-59-14,-16.559105,-49.419437
A-59-15,-16.558614,-49.419921
A-59-16,-16.558399,-49.420113
A-59-17,-16.557858,-49.420568
A-59-18,-16.557664,-49.420733
A-59-19,-16.557096,-49.421228
A-59-20,-16.556795,-49.421388
A-59-21,-16.555522,-49.419774
A-59-22,-16.556076,-49.419665
A-59-24,-16.556319,-49.419189
A-59-26,-16.556681,-49.418841
A-59-28,-16.557015,-49.418558
A-58-18,-16.558056,-49.412066
A-58-17,-16.55745,-49.412882
A-58-16,-16.557193,-49.413172
A-58-15,-16.556787,-49.413644
A-58-14,-16.556613,-49.414096
A-58-13,-16.556147,-49.413518
A-58-12,-16.555936,-49.412933
A-58-11,-16.555862,-49.412389
A-58-10,-16.555814,-49.41203
A-58-09,-16.555717,-49.411317
A-58-08,-16.555664,-49.410973
A-58-07,-16.555583,-49.410375
A-58-06,-16.555528,-49.410009
A-58-05,-16.55544,-49.409373
A-58-04,-16.555612,-49.408932
A-58-03,-16.555001,-49.408481
A-58-02,-16.555313,-49.407999
A-58-01,-16.555264,-49.407277
A-59-27,-16.556053,-49.418058
A-59-25,-16.555696,-49.418403
A-59-23,-16.555315,-49.418719
A-59-08,-16.559122,-49.418045
A-01-04A,-16.578025,-49.382844
A-01-05A,-16.577592,-49.381991
A-01-06A,-16.577087,-49.381151
A-02-10A,-16.576201,-49.383096
A-02-11A,-16.576332,-49.383558
A-62-16,-16.588713,-49.380774
A-62-17,-16.588483,-49.380204
A-62-18,-16.588303,-49.379662
A-62-19,-16.588136,-49.379175
A-62-20,-16.587924,-49.378696
A-63-11,-16.584105,-49.375395
A-62-28,-16.587641,-49.380271
A-62-29,-16.586983,-49.37904
A-62-27,-16.587519,-49.378893
A-62-21,-16.587785,-49.378119
A-62-22,-16.58755,-49.37741
A-62-23,-16.587438,-49.377052
A-61-30,-16.587008,-49.376238
A-61-29,-16.586815,-49.375855
A-61-28,-16.586599,-49.375187
A-61-27,-16.586377,-49.374495
A-61-26,-16.586201,-49.373961
A-61-25,-16.586004,-49.373365
A-61-24,-16.585882,-49.372998
A-61-23,-16.585674,-49.37235
A-61-22,-16.585397,-49.371906
A-61-13,-16.585584,-49.371276
A-61-21,-16.584438,-49.37161
A-61-16,-16.58647,-49.370891
A-61-14,-16.5854,-49.370721
A-61-15,-16.585184,-49.370055
A-61-17,-16.586596,-49.370226
A-61-18,-16.586392,-49.369724
A-61-19,-16.586319,-49.369072
A-61-20,-16.586761,-49.368993
A-61-07,-16.586536,-49.371504
A-61-06,-16.587373,-49.37121
A-61-05,-16.587769,-49.371066
A-61-04,-16.587878,-49.370254
A-61-03,-16.587762,-49.369893
A-61-02,-16.587579,-49.369246
A-61-01,-16.587348,-49.368544
A-61-12,-16.586201,-49.372271
A-61-11,-16.58637,-49.372896
A-61-10,-16.58709,-49.373074
A-61-09,-16.588148,-49.372626
A-61-08,-16.588514,-49.373706
A-62-24,-16.58727,-49.375658
A-62-25,-16.587091,-49.375123
A-62-26,-16.586793,-49.374436
A-62-30,-16.586564,-49.377765
A-63-29,-16.585959,-49.3782
A-63-28,-16.58558,-49.377621
A-63-26,-16.585232,-49.376179
A-63-27,-16.585419,-49.376737
A-63-25,-16.585064,-49.375644
A-63-24,-16.584945,-49.375277
A-63-23,-16.584504,-49.373935
A-63-22,-16.584381,-49.373561
A-63-21,-16.584198,-49.372998
A-63-20,-16.584023,-49.372466
A-63-19,-16.583698,-49.371325
A-63-18,-16.583141,-49.370939
A-63-17,-16.583188,-49.372673
A-63-16,-16.583758,-49.372947
A-63-15,-16.583933,-49.373491
A-63-14,-16.584116,-49.374065
A-63-13,-16.584505,-49.375209
A-63-12,-16.584779,-49.3761
A-63-10,-16.583873,-49.374918
A-63-09,-16.583966,-49.37624
A-63-08,-16.583092,-49.375754
A-63-07,-16.582302,-49.375473
A-63-06,-16.582731,-49.375184
A-63-05,-16.582548,-49.374575
A-63-04,-16.582362,-49.374025
A-63-03,-16.582235,-49.373469
A-63-02,-16.58217,-49.372731
A-63-01,-16.581638,-49.372886
A-62-15,-16.589143,-49.377645
A-62-14,-16.590111,-49.379419
A-62-13,-16.589794,-49.378527
A-62-12,-16.589612,-49.377972
A-62-10,-16.588913,-49.377101
A-62-09,-16.588706,-49.376591
A-62-08,-16.588543,-49.375701
A-62-07,-16.589766,-49.37618
A-62-01,-16.590195,-49.376664
A-62-06,-16.589562,-49.375341
A-62-05,-16.590578,-49.37707
A-62-04,-16.591283,-49.377182
A-62-03,-16.59131,-49.376098
A-62-02,-16.591026,-49.375799
A-62-01,-16.590939,-49.375446
A-60-29,-16.592324,-49.375013
A-60-30,-16.592961,-49.37479
A-60-28,-16.590578,-49.374993
A-60-27,-16.590374,-49.37459
A-60-26,-16.590151,-49.373902
A-60-25,-16.59082,-49.374371
A-60-24,-16.590601,-49.373705
A-60-23,-16.58951,-49.373506
A-60-21,-16.58932,-49.372933
A-60-22,-16.589456,-49.372233
A-60-13,-16.589436,-49.371689
A-60-14,-16.589269,-49.371086
A-60-15,-16.589167,-49.370575
A-60-16,-16.589733,-49.370391
A-60-17,-16.589717,-49.370876
A-60-20,-16.590701,-49.371796
A-60-19,-16.591056,-49.372323
A-60-11,-16.591542,-49.372783
A-60-10,-16.592049,-49.373263
A-60-09,-16.592259,-49.373884
A-60-08,-16.592809,-49.374206
A-60-07,-16.592688,-49.373383
A-60-06,-16.592525,-49.371964
A-60-05,-16.592345,-49.371392
A-60-04,-16.591828,-49.370929
A-60-03,-16.591548,-49.370425
A-60-02,-16.591208,-49.37062
A-60-01,-16.59053,-49.370398
A-60-12,-16.590574,-49.373106
A-60-18,-16.589923,-49.371592
A-64-14,-16.582308,-49.387698
A-64-15,-16.583368,-49.386878
A-64-24,-16.583557,-49.386943
A-64-13,-16.581238,-49.388526
A-64-12,-16.581617,-49.388854
A-64-11,-16.581948,-49.389356
A-64-10,-16.582263,-49.389847
A-64-09,-16.582597,-49.390337
A-64-08,-16.582895,-49.390791
A-64-07,-16.583381,-49.391531
A-64-05,-16.583704,-49.392016
A-64-06,-16.584283,-49.39131
A-64-04,-16.583896,-49.392371
A-64-03,-16.584596,-49.392451
A-64-02,-16.584877,-49.392493
A-64-01,-16.585587,-49.392574
A-64-16,-16.583991,-49.386393
A-64-17,-16.585377,-49.385304
A-64-18,-16.585738,-49.385688
A-64-19,-16.584976,-49.386344
A-64-20,-16.586079,-49.386137
A-64-22,-16.585661,-49.387305
A-64-21,-16.586474,-49.386648
A-64-23,-16.586799,-49.387077
A-65-26,-16.585273,-49.388219
A-65-27,-16.584936,-49.388619
A-64-25,-16.584218,-49.38789
A-64-26,-16.584796,-49.387226
A-65-28,-16.584097,-49.389238
A-65-29,-16.584069,-49.388721
A-64-28,-16.583568,-49.388005
A-64-27,-16.583192,-49.387729
A-65-24,-16.584989,-49.390011
A-65-25,-16.584591,-49.389456
A-65-23,-16.585424,-49.390618
A-65-22,-16.58574,-49.390168
A-65-21,-16.586293,-49.38965
A-65-20,-16.58513,-49.391495
A-65-19,-16.585477,-49.39181
A-65-18,-16.585977,-49.392693
A-65-17,-16.586071,-49.391554
A-65-16,-16.586805,-49.392585
A-65-15,-16.587587,-49.392644
A-65-14,-16.586932,-49.391446
A-65-13,-16.587377,-49.391324
A-65-12,-16.587721,-49.39168
A-65-11,-16.58815,-49.392276
A-65-09,-16.589093,-49.390819
A-65-10,-16.589164,-49.391944
A-65-08,-16.588688,-49.390262
A-65-05,-16.589488,-49.390482
A-65-06,-16.58967,-49.39195
A-65-07,-16.589809,-49.393166
A-65-04,-16.588589,-49.389353
A-65-03,-16.587863,-49.388522
A-65-02,-16.587376,-49.389737
A-65-01,-16.587459,-49.390318
A-68-01,-16.592591,-49.395011
A-68-02,-16.592214,-49.396222
A-68-03,-16.592668,-49.396363
A-68-04,-16.592924,-49.395756
A-68-05,-16.593668,-49.395782
A-68-06,-16.594107,-49.396093
A-68-07,-16.593894,-49.396596
A-68-08,-16.593643,-49.397244
A-68-09,-16.593622,-49.397793
A-68-10,-16.593602,-49.398502
A-68-11,-16.593587,-49.399421
A-68-12,-16.593575,-49.3999
A-68-21,-16.592532,-49.397145
A-68-22,-16.59248,-49.397916
A-68-23,-16.592566,-49.398721
A-68-24,-16.592642,-49.399575
A-68-28,-16.592884,-49.402026
A-68-27,-16.592818,-49.401417
A-68-26,-16.592751,-49.400667
A-68-25,-16.592714,-49.400288
A-68-13,-16.593559,-49.400601
A-68-14,-16.593541,-49.401278
A-68-15,-16.593512,-49.40215
A-68-16,-16.593485,-49.402839
A-68-17,-16.59342,-49.403786
A-68-18,-16.593223,-49.404453
A-68-19,-16.593015,-49.405091
A-68-20,-16.592843,-49.405741
A-67-23,-16.590433,-49.402407
A-67-24,-16.5911,-49.402335
A-67-25,-16.591759,-49.402261
A-67-26,-16.592272,-49.402273
A-67-27,-16.592353,-49.403012
A-67-28,-16.592387,-49.403743
A-67-29,-16.59222,-49.404354
A-67-30,-16.592057,-49.405028
A-67-31,-16.591872,-49.405749
A-67-32,-16.591858,-49.406263
A-67-22,-16.590154,-49.405779
A-67-21,-16.589302,-49.405314
A-67-16,-16.59178,-49.403366
A-67-17,-16.591049,-49.403352
A-67-18,-16.590895,-49.404033
A-67-19,-16.590715,-49.404682
A-67-20,-16.590409,-49.405226
A-67-15,-16.589849,-49.404475
A-67-14,-16.589277,-49.404135
A-67-10,-16.587708,-49.402911
A-67-11,-16.588325,-49.402849
A-67-12,-16.588955,-49.402777
A-67-13,-16.589692,-49.402978
A-67-01,-16.58704,-49.401437
A-67-02,-16.58776,-49.40135
A-67-03,-16.588459,-49.401266
A-67-04,-16.589043,-49.401202
A-67-09,-16.592053,-49.400884
A-67-08,-16.591421,-49.400958
A-67-07,-16.590956,-49.401005
A-67-06,-16.590312,-49.401066
A-67-05,-16.589494,-49.400994
A-66-28,-16.589406,-49.399921
A-66-08,-16.589219,-49.398276
A-66-09,-16.589818,-49.398261
A-66-24,-16.586867,-49.399914
A-66-25,-16.587393,-49.400017
A-66-26,-16.588043,-49.399941
A-66-27,-16.588668,-49.399875
A-66-32,-16.591953,-49.39952
A-66-31,-16.591275,-49.3996
A-66-30,-16.590313,-49.399715
A-66-29,-16.589965,-49.399737
A-68-29,-16.591864,-49.396984
A-68-30,-16.591762,-49.397571
A-68-31,-16.591871,-49.398195
A-66-10,-16.590472,-49.398199
A-66-20,-16.588404,-49.39421
A-66-19,-16.588636,-49.394873
A-66-18,-16.588755,-49.395205
A-66-17,-16.588991,-49.395854
A-66-23,-16.590474,-49.396714
A-66-22,-16.590352,-49.397207
A-66-21,-16.589716,-49.397064
A-66-15,-16.589082,-49.396842
A-66-11,-16.587123,-49.397212
A-66-12,-16.587711,-49.396584
A-66-13,-16.588047,-49.397346
A-66-14,-16.589148,-49.39755
A-66-16,-16.589028,-49.39616
A-66-01,-16.586932,-49.395784
A-66-02,-16.586563,-49.396306
A-66-03,-16.586405,-49.396928
A-66-04,-16.586717,-49.398526
A-66-05,-16.587314,-49.398635
A-66-06,-16.58799,-49.398669
A-66-07,-16.588487,-49.398388
A-11-29,-16.53692,-49.406187
A-11-30,-16.536496,-49.408357
A-11-31,-16.537518,-49.412081
A-08-12A,-16.568295,-49.381062
A-07-15A,-16.573136,-49.378906
A-02-03A,-16.575987,-49.385827
A-07-17A,-16.574299,-49.380485
A-73-01,-16.61569,-49.341219
A-73-02,-16.615928,-49.341735
A-73-03,-16.616412,-49.342294
A-73-04,-16.618031,-49.342023
A-73-05,-16.616854,-49.3428
A-73-06,-16.617223,-49.343242
A-73-07,-16.617582,-49.343663
A-73-08,-16.617824,-49.343942
A-73-09,-16.618304,-49.344498
A-73-10,-16.618531,-49.344879
A-73-11,-16.618711,-49.345925
A-73-12,-16.618914,-49.346287
A-73-13,-16.619193,-49.347004
A-73-14,-16.619378,-49.347564
A-73-15,-16.618849,-49.347621
A-72-01,-16.618554,-49.349509
A-73-16,-16.614169,-49.342749
A-73-17,-16.614509,-49.343136
A-73-18,-16.615056,-49.34356
A-73-19,-16.615535,-49.344115
A-73-20,-16.615736,-49.344351
A-73-21,-16.616232,-49.344925
A-73-22,-16.615559,-49.346211
A-73-23,-16.615462,-49.347308
A-73-24,-16.616472,-49.345204
A-73-25,-16.616959,-49.345765
A-73-26,-16.617197,-49.346038
A-73-27,-16.617084,-49.346604
A-73-28,-16.616067,-49.347662
A-73-29,-16.617363,-49.346968
A-73-30,-16.617637,-49.347661
A-73-31,-16.618014,-49.347976
A-72-02,-16.619559,-49.349374
A-72-03,-16.618996,-49.349509
A-72-04,-16.618682,-49.350272
A-72-05,-16.61698,-49.35097
A-71-01,-16.607999,-49.350407
A-71-02,-16.609,-49.349689
A-71-03,-16.609273,-49.349903
A-71-04,-16.608854,-49.349268
A-71-05,-16.608653,-49.348974
A-71-06,-16.608451,-49.348667
A-71-07,-16.608331,-49.348479
A-71-08,-16.607779,-49.348368
A-71-09,-16.607201,-49.350062
A-71-10,-16.607111,-49.349617
A-71-11,-16.607039,-49.349423
A-71-12,-16.607093,-49.348863
A-71-13,-16.60703,-49.348391
A-71-14,-16.607858,-49.347215
A-71-15,-16.608525,-49.347698
A-71-16,-16.609229,-49.348002
A-71-17,-16.608886,-49.348457
A-71-18,-16.609142,-49.348211
A-71-19,-16.609578,-49.349601
A-71-20,-16.609678,-49.348442
A-71-21,-16.609938,-49.349797
A-71-22,-16.609864,-49.348525
A-71-23,-16.610289,-49.350214
A-71-24,-16.610396,-49.348762
A-71-25,-16.610628,-49.350979
A-71-26,-16.610928,-49.350977
A-71-27,-16.610973,-49.349203
A-71-28,-16.610678,-49.3491
A-70-01,-16.61321,-49.343654
A-70-02,-16.614001,-49.343838
A-70-03,-16.613524,-49.344052
A-70-04,-16.613069,-49.344474
A-70-05,-16.612664,-49.344846
A-70-06,-16.612181,-49.345297
A-70-07,-16.611857,-49.344976
A-70-08,-16.611805,-49.345547
A-70-09,-16.60982,-49.345983
A-70-10,-16.610292,-49.346577
A-70-11,-16.610714,-49.347111
A-70-12,-16.611715,-49.346443
A-70-13,-16.612265,-49.346795
A-70-14,-16.611528,-49.347759
A-70-15,-16.611404,-49.348435
A-71-29,-16.610171,-49.34843
A-70-16,-16.611683,-49.349016
A-70-17,-16.612114,-49.349232
A-70-18,-16.612774,-49.349599
A-69-24,-16.614747,-49.35118
A-70-19,-16.614868,-49.344576
A-70-20,-16.61469,-49.345334
A-70-21,-16.614596,-49.345799
A-70-22,-16.614067,-49.345422
A-70-23,-16.613489,-49.34561
A-70-24,-16.613705,-49.346185
A-70-25,-16.613219,-49.346244
A-70-26,-16.612725,-49.346485
A-70-27,-16.61299,-49.347161
A-70-28,-16.613129,-49.347511
A-70-29,-16.61348,-49.346687
A-70-30,-16.613706,-49.347261
A-69-01,-16.613738,-49.348041
A-69-02,-16.614013,-49.348403
A-69-03,-16.614285,-49.349095
A-69-04,-16.615624,-49.348389
A-69-05,-16.616119,-49.348782
A-69-06,-16.614331,-49.349551
A-69-07,-16.615421,-49.349797
A-69-08,-16.614337,-49.350136
A-69-09,-16.615604,-49.350272
A-69-10,-16.61461,-49.35083
A-69-11,-16.616486,-49.350575
A-69-13,-16.614992,-49.35188
A-72-06,-16.617193,-49.35149
A-72-07,-16.618882,-49.350836
A-72-08,-16.617399,-49.352007
A-72-09,-16.61908,-49.351363
A-72-10,-16.617593,-49.352533
A-72-11,-16.619213,-49.351727
A-72-12,-16.617772,-49.352992
A-72-13,-16.619409,-49.352266
A-72-14,-16.618612,-49.353264
A-72-15,-16.619005,-49.354332
A-72-16,-16.61899,-49.355016
A-72-17,-16.620228,-49.354356
A-72-19,-16.62052,-49.355018
A-72-18,-16.618498,-49.355817
A-72-20,-16.620925,-49.355446
A-72-21,-16.620224,-49.356235
A-72-22,-16.618287,-49.357057
A-72-24,-16.617306,-49.357823
A-72-25,-16.618744,-49.356259
A-72-23,-16.616904,-49.357231
A-72-26,-16.616514,-49.356644
A-69-30,-16.617705,-49.355548
A-69-29,-16.616131,-49.356073
A-69-24,-16.615674,-49.359023
A-69-25,-16.615231,-49.35841
A-69-26,-16.614898,-49.357837
A-69-27,-16.614549,-49.357252
A-69-28,-16.614331,-49.356756
A-69-23,-16.617449,-49.354984
A-69-22,-16.616952,-49.354663
A-69-21,-16.615647,-49.35529
A-69-20,-16.617292,-49.353834
A-69-19,-16.613959,-49.355214
A-69-18,-16.615359,-49.354653
A-69-17,-16.615124,-49.354176
A-69-16,-16.615074,-49.353474
A-69-15,-16.615032,-49.353075
A-69-14,-16.615002,-49.352281
A-08-19A,-16.565182,-49.377635
A-16-16A,-16.550991,-49.40129
A-02-12A,-16.577307,-49.385211
A-07-14A,-16.572462,-49.378281
A-02-02A,-16.576292,-49.38664
A-10-11A,-16.565505,-49.392124
A-10-11B,-16.564416,-49.391878
A-02-04A,-16.575425,-49.384849
A-02-05A,-16.574869,-49.384075
A-03-21A,-16.574911,-49.387097
A-74-16,-16.604716,-49.365156
A-74-04,-16.603794,-49.363712
A-74-01,-16.603101,-49.362632
A-74-02,-16.603189,-49.36307
A-74-03,-16.603582,-49.363266
A-74-05,-16.603796,-49.364123
A-74-14,-16.604023,-49.364559
A-74-15,-16.604108,-49.364924
A-74-17,-16.604878,-49.36548
A-74-18,-16.605091,-49.365927
A-74-19,-16.605335,-49.366204
A-74-06,-16.605164,-49.361859
A-74-07,-16.605356,-49.362166
A-74-08,-16.605556,-49.362622
A-74-09,-16.605748,-49.362928
A-74-10,-16.605941,-49.363313
A-74-11,-16.606051,-49.363742
A-74-12,-16.606264,-49.364115
A-74-13,-16.606757,-49.364299
A-74-20,-16.606817,-49.364868
A-74-21,-16.607235,-49.365023
A-74-22,-16.607514,-49.365422
A-74-23,-16.607554,-49.365831
A-06-29,-16.579432,-49.379124
A-11-26,-16.533259,-49.407026
A-60-01,-16.527013,-49.410515
A-60-02,-16.526734,-49.410144
A-60-03,-16.52641,-49.409534
A-60-04,-16.52637,-49.409166
A-60-05,-16.525968,-49.408685
A-60-06,-16.52551,-49.407828
A-60-08,-16.525345,-49.406983
A-60-09,-16.525566,-49.406299
A-60-07,-16.525387,-49.407579
A-60-10,-16.529111,-49.409234
A-60-11,-16.528937,-49.408897
A-60-12,-16.528614,-49.408291
A-60-13,-16.528491,-49.408049
A-60-14,-16.52817,-49.407439
A-60-15,-16.527819,-49.40678
A-60-16,-16.527487,-49.40615
A-60-17,-16.527358,-49.405906
A-60-18,-16.527168,-49.405391
A-60-19,-16.52695,-49.404971
A-60-20,-16.528601,-49.404583
A-60-21,-16.531168,-49.408163
A-60-22,-16.531072,-49.407697
A-60-23,-16.530753,-49.407087
A-60-24,-16.530622,-49.40684
A-60-25,-16.530299,-49.406233
A-60-26,-16.530172,-49.405986
A-60-27,-16.529839,-49.405372
A-60-28,-16.529724,-49.405133
A-60-29,-16.529517,-49.40461
A-60-30,-16.531798,-49.40434
A-60-31,-16.532208,-49.404837
A-60-32,-16.532233,-49.405222
A-6-21A,-16.57487,-49.372729
A-17-34,-16.51386,-49.409263
A-204-25,-16.606845,-49.347714
A-203-18,-16.60099,-49.345581
A-79-21,-16.579077,-49.38965
A-79-22,-16.57949,-49.39
A-79-23,-16.579854,-49.390394
A-79-24,-16.580355,-49.390921
A-79-25,-16.580778,-49.391376
A-79-26,-16.58097,-49.39159
A-79-27,-16.581418,-49.392058
A-79-28,-16.581571,-49.392237
A-79-29,-16.581918,-49.392665
A-79-30,-16.58223,-49.392958
A-79-31,-16.583593,-49.392744
A-79-32,-16.58316,-49.393145
A-79-33,-16.582667,-49.393711
A-79-09,-16.57798,-49.391031
A-79-10,-16.578397,-49.391491
A-79-11,-16.5786,-49.391718
A-79-12,-16.578997,-49.392163
A-79-13,-16.579208,-49.392393
A-79-14,-16.579671,-49.392909
A-79-15,-16.579621,-49.393287
A-79-16,-16.579813,-49.393515
A-79-17,-16.580133,-49.393889
A-79-18,-16.580597,-49.394434
A-79-19,-16.58078,-49.394662
A-79-20,-16.58118,-49.394964
A-79-34,-16.581613,-49.395432
A-79-35,-16.581843,-49.395732
A-79-01,-16.585663,-49.394578
A-79-02,-16.585245,-49.394615
A-79-03,-16.5847,-49.394682
A-79-04,-16.584281,-49.394725
A-79-05,-16.583795,-49.394826
A-79-06,-16.58331,-49.394853
A-79-07,-16.582871,-49.394793
A-79-08,-16.582221,-49.39484
A-78-27,-16.585843,-49.396387
A-78-28,-16.585361,-49.396642
A-78-29,-16.585037,-49.396672
A-78-30,-16.584333,-49.396744
A-78-32,-16.583981,-49.396781
A-78-33,-16.583361,-49.396852
A-78-34,-16.583031,-49.396883
A-78-35,-16.582452,-49.396951
A-78-36,-16.582111,-49.396988
A-78-31,-16.583736,-49.397288
A-78-24,-16.582147,-49.398627
A-78-01,-16.585959,-49.397692
A-78-02,-16.585626,-49.397728
A-78-03,-16.585044,-49.397787
A-78-07,-16.584673,-49.398654
A-78-11,-16.584791,-49.399957
A-78-12,-16.584412,-49.400334
A-78-13,-16.583944,-49.400547
A-78-23,-16.583274,-49.400861
A-77-35,-16.581923,-49.400448
A-78-25,-16.582031,-49.398105
A-77-36,-16.581351,-49.400267
A-77-32,-16.58154,-49.401831
A-77-33,-16.581504,-49.401436
A-77-34,-16.581699,-49.400757
A-78-14,-16.586532,-49.402038
A-78-15,-16.585859,-49.402107
A-78-16,-16.585429,-49.402258
A-78-17,-16.585104,-49.402397
A-78-18,-16.584409,-49.402721
A-78-19,-16.584142,-49.402633
A-78-20,-16.583683,-49.402489
A-78-21,-16.583467,-49.40204
A-78-22,-16.583391,-49.401274
A-78-10,-16.585152,-49.400055
A-78-09,-16.585791,-49.400052
A-78-08,-16.586185,-49.399811
A-78-06,-16.58402,-49.398398
A-78-04,-16.583796,-49.397916
A-78-05,-16.585268,-49.397286
A-77-21,-16.580252,-49.399341
A-77-22,-16.580898,-49.398598
A-77-10,-16.578218,-49.399288
A-76-34,-16.577558,-49.398837
A-76-33,-16.57713,-49.398263
A-77-37,-16.57819,-49.394713
A-77-23,-16.578678,-49.394988
A-77-24,-16.578959,-49.395346
A-77-25,-16.579403,-49.395448
A-77-26,-16.579717,-49.396071
A-77-28,-16.580038,-49.396561
A-77-29,-16.580393,-49.396628
A-77-30,-16.580728,-49.397222
A-77-31,-16.580953,-49.397611
A-77-27,-16.579115,-49.396003
A-77-18,-16.578932,-49.39828
A-77-19,-16.579332,-49.398491
A-77-20,-16.579911,-49.398773
A-77-14,-16.579506,-49.4012
A-77-15,-16.579485,-49.400806
A-77-16,-16.579682,-49.400088
A-77-17,-16.579777,-49.399784
A-76-39,-16.575053,-49.402289
A-76-38,-16.575748,-49.401487
A-76-37,-16.575941,-49.401261
A-76-36,-16.57666,-49.400334
A-77-12,-16.577182,-49.400488
A-77-11,-16.577507,-49.400185
A-77-13,-16.577966,-49.39967
A-76-35,-16.576542,-49.399439
A-77-09,-16.57772,-49.399196
A-77-01,-16.576977,-49.39608
A-77-03,-16.577368,-49.396612
A-77-04,-16.577571,-49.3969
A-77-05,-16.57789,-49.39734
A-77-06,-16.57829,-49.397885
A-77-07,-16.578522,-49.398212
A-77-08,-16.57819,-49.398688
A-77-02,-16.576932,-49.396981
A-76-01,-16.574644,-49.400426
A-76-02,-16.57464,-49.40105
A-76-03,-16.575011,-49.400625
A-76-04,-16.575757,-49.399945
A-76-05,-16.575586,-49.399708
A-76-06,-16.575183,-49.39915
A-76-07,-16.574884,-49.398738
A-76-08,-16.574654,-49.398376
A-76-09,-16.574492,-49.398082
A-76-10,-16.574426,-49.397436
A-76-11,-16.574372,-49.396854
A-76-13,-16.574309,-49.396257
A-76-21,-16.574263,-49.395676
A-76-23,-16.574901,-49.395197
A-76-24,-16.575074,-49.395438
A-76-27,-16.57537,-49.395843
A-76-28,-16.575783,-49.396406
A-76-29,-16.575965,-49.396657
A-76-30,-16.576375,-49.397219
A-76-31,-16.576671,-49.397624
A-76-32,-16.576957,-49.398021
A-76-25,-16.576031,-49.39476
A-76-26,-16.575797,-49.39508
A-76-22,-16.574487,-49.394629
A-76-15,-16.573908,-49.395104
A-76-16,-16.573844,-49.394519
A-76-17,-16.573698,-49.393939
A-76-18,-16.574077,-49.393793
A-76-19,-16.574352,-49.393439
A-76-20,-16.574831,-49.393139
A-76-14,-16.57343,-49.396171
A-76-12,-16.574004,-49.396971
A-78-26,-16.58272,-49.397564
A-200-01,-16.589897,-49.344876
A-200-02,-16.589928,-49.345389
A-200-03,-16.590515,-49.347121
A-200-04,-16.590891,-49.346647
A-200-05,-16.590318,-49.345902
A-200-06,-16.590712,-49.345591
A-200-07,-16.591218,-49.345181
A-200-08,-16.592181,-49.344422
A-200-09,-16.59271,-49.343983
A-200-10,-16.591534,-49.344372
A-200-11,-16.591186,-49.343899
A-200-12,-16.590761,-49.343335
A-200-13,-16.59191,-49.343268
A-200-14,-16.592454,-49.343458
A-200-15,-16.593389,-49.344143
A-200-16,-16.59183,-49.347031
A-200-17,-16.592937,-49.346142
A-200-18,-16.593246,-49.345901
A-200-19,-16.593816,-49.345439
A-200-20,-16.594188,-49.345211
A-200-21,-16.594528,-49.345671
A-200-22,-16.593242,-49.346666
A-200-23,-16.593109,-49.347492
A-200-24,-16.593645,-49.347065
A-200-25,-16.593928,-49.346837
A-200-26,-16.594368,-49.346484
A-200-27,-16.594874,-49.346131
A-200-28,-16.595532,-49.347015
A-200-29,-16.595531,-49.347771
A-200-30,-16.594972,-49.34822
A-200-31,-16.594446,-49.348281
A-200-32,-16.595038,-49.348932
A-200-33,-16.596195,-49.348006
A-201-01,-16.591897,-49.348459
A-201-02,-16.591601,-49.347942
A-201-03,-16.590994,-49.348497
A-201-04,-16.591559,-49.348924
A-201-05,-16.591391,-49.349651
A-201-06,-16.591677,-49.350563
A-201-07,-16.592174,-49.350604
A-201-08,-16.592733,-49.350452
A-201-09,-16.592614,-49.349863
A-201-10,-16.593276,-49.350303
A-201-11,-16.593799,-49.350158
A-201-12,-16.594217,-49.349686
A-201-13,-16.593999,-49.34884
A-201-14,-16.592833,-49.349168
A-201-15,-16.592063,-49.352689
A-201-16,-16.59264,-49.35244
A-201-17,-16.593206,-49.352273
A-201-18,-16.594241,-49.35198
A-201-19,-16.594115,-49.351405
A-201-20,-16.593399,-49.351602
A-201-21,-16.593166,-49.352748
A-201-22,-16.593851,-49.352555
A-201-23,-16.594199,-49.352454
A-201-24,-16.594884,-49.352262
A-201-25,-16.595084,-49.353008
A-201-26,-16.595559,-49.352878
A-201-27,-16.595114,-49.353778
A-201-28,-16.59463,-49.353385
A-201-29,-16.593906,-49.353584
A-201-30,-16.593575,-49.353677
A-201-31,-16.592896,-49.353827
A-201-32,-16.592364,-49.353934
A-201-33,-16.59314,-49.35429
A-202-01,-16.595625,-49.349114
A-202-02,-16.595554,-49.349771
A-202-03,-16.594897,-49.350346
A-202-04,-16.596493,-49.348423
A-202-05,-16.597402,-49.349357
A-202-06,-16.596846,-49.349719
A-202-07,-16.596404,-49.350066
A-202-08,-16.595395,-49.351651
A-202-09,-16.596029,-49.351294
A-202-10,-16.596543,-49.350877
A-202-11,-16.597832,-49.349842
A-202-12,-16.598709,-49.349143
A-202-13,-16.599421,-49.348566
A-202-14,-16.600279,-49.347883
A-202-15,-16.597135,-49.351042
A-202-16,-16.59768,-49.350528
A-202-17,-16.598848,-49.350497
A-202-18,-16.599856,-49.34969
A-202-19,-16.60072,-49.348997
A-202-20,-16.596887,-49.353282
A-202-21,-16.596949,-49.352619
A-202-22,-16.597614,-49.352795
A-202-23,-16.597387,-49.352225
A-202-24,-16.597913,-49.351874
A-202-25,-16.598349,-49.351527
A-202-26,-16.598829,-49.351136
A-202-27,-16.598988,-49.351772
A-202-28,-16.599678,-49.350467
A-202-29,-16.60043,-49.349875
A-202-30,-16.600511,-49.350976
A-202-31,-16.601277,-49.349109
A-202-32,-16.601619,-49.349564
A-202-33,-16.601625,-49.350296
A-203-01,-16.595138,-49.344715
A-203-02,-16.596134,-49.345579
A-203-03,-16.595835,-49.345978
A-203-04,-16.596678,-49.3467
A-203-05,-16.597651,-49.346842
A-203-06,-16.597988,-49.347402
A-203-07,-16.597356,-49.348581
A-203-08,-16.597793,-49.348233
A-203-09,-16.598338,-49.347871
A-203-10,-16.598788,-49.347434
A-203-11,-16.599219,-49.347084
A-203-12,-16.59972,-49.347019
A-203-13,-16.597728,-49.346202
A-203-14,-16.598807,-49.345914
A-203-15,-16.599346,-49.346251
A-203-16,-16.600219,-49.345551
A-203-17,-16.600673,-49.345281
A-203-18,-16.600991,-49.345583
A-203-19,-16.601319,-49.346143
A-203-20,-16.600496,-49.346872
A-203-21,-16.600313,-49.344707
A-203-22,-16.600584,-49.343732
A-203-23,-16.599357,-49.344493
A-203-24,-16.598508,-49.343353
A-203-25,-16.599902,-49.343514
A-203-26,-16.59916,-49.343254
A-203-27,-16.599538,-49.342085
A-203-28,-16.598745,-49.341435
A-203-29,-16.598541,-49.340547
A-203-30,-16.59966,-49.340903
A-203-31,-16.597736,-49.339687
A-203-32,-16.597461,-49.339317
A-204-01,-16.604074,-49.342779
A-204-02,-16.604077,-49.343519
A-204-03,-16.603291,-49.342651
A-204-04,-16.603716,-49.343826
A-204-05,-16.604185,-49.344204
A-204-06,-16.603162,-49.344025
A-204-07,-16.601717,-49.343903
A-204-08,-16.602112,-49.344413
A-204-09,-16.6022,-49.344851
A-204-10,-16.602442,-49.345525
A-204-11,-16.603028,-49.345367
A-204-12,-16.604052,-49.344991
A-204-13,-16.601001,-49.347866
A-204-14,-16.602019,-49.347098
A-204-15,-16.602223,-49.348351
A-204-16,-16.60295,-49.348608
A-204-17,-16.603059,-49.347869
A-204-18,-16.603374,-49.34829
A-204-19,-16.603641,-49.348876
A-204-20,-16.602645,-49.349578
A-204-21,-16.604128,-49.347455
A-204-22,-16.605162,-49.347079
A-204-23,-16.605763,-49.346861
A-204-24,-16.606557,-49.34742
A-204-25,-16.606848,-49.347711
A-204-26,-16.60495,-49.347655
A-204-27,-16.605014,-49.348374
A-204-28,-16.605043,-49.346571
A-204-29,-16.606087,-49.346018
A-204-30,-16.60441,-49.34605
A-204-31,-16.603288,-49.346522
A-204-32,-16.603391,-49.345968
A-204-33,-16.604691,-49.34548
A-204-34,-16.605371,-49.345242
A-205-01,-16.579384,-49.342374
A-205-02,-16.579233,-49.34183
A-205-03,-16.580759,-49.341852
A-205-04,-16.582004,-49.341095
A-205-05,-16.582692,-49.340478
A-205-06,-16.58222,-49.339635
A-205-07,-16.581651,-49.339903
A-205-08,-16.580345,-49.342499
A-205-09,-16.581386,-49.342642
A-205-10,-16.581792,-49.342481
A-205-11,-16.582463,-49.342073
A-205-12,-16.583273,-49.341494
A-205-13,-16.583982,-49.341866
A-205-14,-16.584615,-49.342105
A-205-15,-16.584959,-49.342233
A-205-16,-16.585495,-49.342795
A-205-17,-16.585952,-49.342993
A-205-18,-16.586458,-49.343374
A-205-19,-16.587155,-49.34332
A-205-20,-16.583101,-49.34295
A-205-21,-16.583104,-49.343303
A-205-22,-16.583164,-49.34408
A-205-23,-16.5843,-49.343489
A-205-24,-16.58497,-49.343756
A-205-25,-16.585324,-49.344124
A-205-26,-16.585809,-49.344415
A-205-27,-16.586593,-49.344356
A-205-28,-16.585998,-49.345437
A-205-29,-16.584194,-49.34118
A-205-30,-16.583996,-49.34049
A-205-31,-16.585041,-49.341105
A-205-32,-16.586143,-49.342328
A-205-33,-16.58608,-49.341714
A-205-34,-16.587024,-49.342343
A-206-01,-16.581785,-49.337166
A-206-02,-16.58161,-49.336907
A-206-03,-16.580987,-49.336911
A-206-04,-16.581009,-49.337129
A-206-05,-16.581089,-49.33758
A-206-06,-16.581095,-49.338153
A-206-07,-16.58181,-49.338552
A-206-08,-16.582363,-49.338548
A-206-09,-16.582917,-49.338538
A-206-10,-16.583504,-49.33853
A-206-11,-16.583859,-49.338525
A-206-12,-16.584467,-49.338457
A-206-13,-16.584769,-49.338924
A-206-14,-16.584357,-49.339848
A-206-15,-16.58379,-49.339816
A-206-16,-16.583333,-49.338869
A-206-17,-16.584996,-49.339723
A-206-18,-16.585904,-49.339668
A-206-19,-16.585721,-49.338713
A-206-20,-16.581071,-49.335523
A-206-21,-16.581572,-49.335201
A-206-22,-16.582111,-49.335011
A-206-23,-16.582323,-49.335539
A-206-24,-16.582861,-49.335533
A-206-25,-16.583454,-49.335525
A-206-26,-16.583472,-49.336832
A-206-27,-16.583494,-49.337151
A-206-28,-16.584012,-49.335519
A-206-29,-16.58456,-49.33551
A-206-30,-16.584928,-49.335507
A-206-31,-16.585521,-49.336935
A-206-32,-16.585178,-49.336833
A-206-33,-16.584918,-49.337129
A-207-01,-16.573638,-49.335758
A-207-02,-16.574195,-49.336035
A-207-03,-16.574535,-49.336159
A-207-04,-16.574857,-49.335605
A-207-05,-16.574989,-49.335232
A-207-06,-16.575137,-49.334972
A-207-07,-16.575289,-49.33436
A-207-08,-16.575411,-49.333976
A-207-09,-16.575608,-49.333305
A-207-10,-16.574672,-49.332959
A-207-11,-16.574475,-49.333495
A-207-12,-16.57407,-49.334506
A-207-13,-16.576195,-49.336769
A-207-14,-16.576211,-49.336094
A-207-15,-16.57613,-49.335594
A-207-16,-16.576192,-49.335362
A-207-17,-16.57671,-49.33525
A-207-18,-16.576683,-49.334839
A-207-19,-16.576639,-49.334219
A-207-20,-16.576598,-49.333594
A-207-21,-16.576495,-49.332253
A-207-22,-16.575888,-49.332031
A-207-23,-16.575419,-49.332025
A-207-24,-16.578147,-49.336098
A-207-25,-16.578014,-49.336277
A-207-26,-16.577744,-49.336864
A-207-27,-16.578523,-49.337627
A-207-28,-16.579019,-49.336645
A-207-29,-16.57906,-49.33644
A-207-30,-16.579219,-49.335934
A-207-31,-16.579365,-49.337938
A-207-32,-16.57945,-49.337281
A-207-33,-16.579719,-49.336904
A-207-34,-16.579804,-49.336713
A-208-01,-16.585788,-49.340714
A-208-02,-16.586041,-49.340856
A-208-03,-16.587287,-49.341751
A-208-04,-16.58792,-49.341954
A-208-05,-16.588696,-49.341759
A-208-06,-16.586989,-49.340809
A-208-07,-16.58692,-49.340194
A-208-08,-16.587862,-49.340826
A-208-09,-16.586845,-49.339298
A-208-10,-16.587359,-49.339682
A-208-11,-16.588148,-49.340142
A-208-12,-16.588648,-49.340621
A-208-13,-16.588996,-49.34056
A-208-14,-16.588515,-49.339632
A-208-15,-16.588091,-49.339389
A-208-16,-16.586163,-49.337902
A-208-17,-16.585988,-49.33738
A-208-18,-16.587894,-49.336921
A-208-19,-16.588168,-49.33642
A-208-20,-16.587845,-49.337485
A-208-21,-16.588188,-49.337757
A-208-22,-16.588858,-49.33815
A-208-23,-16.589405,-49.338009
A-208-24,-16.589947,-49.338228
A-208-25,-16.589338,-49.339183
A-208-26,-16.590759,-49.339542
A-208-27,-16.591006,-49.340442
A-208-28,-16.591585,-49.339243
A-208-29,-16.591706,-49.340228
A-208-30,-16.592333,-49.340383
A-208-31,-16.593385,-49.340652
A-208-32,-16.592628,-49.340969
A-209-01,-16.584246,-49.332727
A-209-02,-16.584123,-49.331816
A-209-03,-16.585013,-49.331969
A-209-04,-16.585442,-49.332543
A-209-05,-16.58515,-49.333191
A-209-06,-16.584873,-49.333558
A-209-07,-16.585502,-49.334066
A-209-08,-16.586004,-49.334362
A-209-09,-16.586887,-49.336284
A-209-10,-16.586993,-49.335934
A-209-11,-16.58736,-49.335429
A-209-12,-16.587494,-49.335238
A-209-13,-16.587743,-49.334714
A-209-14,-16.588513,-49.335791
A-209-15,-16.588798,-49.335266
A-209-16,-16.588969,-49.336431
A-209-17,-16.590128,-49.336662
A-209-18,-16.590434,-49.337222
A-209-19,-16.591688,-49.337965
A-209-20,-16.592214,-49.338274
A-209-21,-16.59238,-49.338959
A-209-22,-16.592804,-49.339208
A-209-23,-16.592893,-49.337885
A-209-24,-16.592954,-49.338716
A-209-25,-16.593583,-49.338822
A-209-26,-16.59386,-49.338447
A-209-27,-16.594355,-49.337544
A-209-28,-16.594668,-49.338219
A-209-29,-16.595219,-49.339188
A-209-30,-16.594079,-49.33713
A-209-31,-16.593466,-49.336769
A-209-32,-16.592809,-49.337006
A-209-33,-16.592187,-49.336649
A-209-34,-16.591955,-49.337081
A-500-01,-16.655316,-49.367081
A-500-02,-16.656563,-49.367235
A-500-03,-16.657083,-49.36726
A-500-04,-16.657772,-49.367293
A-500-05,-16.658662,-49.36779
A-500-06,-16.657613,-49.367898
A-500-07,-16.657709,-49.368641
A-500-08,-16.658404,-49.369163
A-500-09,-16.656501,-49.369002
A-500-10,-16.657194,-49.368843
A-500-11,-16.658059,-49.37095
A-500-12,-16.657544,-49.371125
A-500-13,-16.65461,-49.369818
A-500-14,-16.655255,-49.369836
A-500-15,-16.655525,-49.370309
A-500-16,-16.656332,-49.370305
A-500-17,-16.656843,-49.37065
A-500-18,-16.655028,-49.372167
A-500-19,-16.655762,-49.372298
A-500-20,-16.656401,-49.372458
A-500-21,-16.657613,-49.373276
A-500-22,-16.656686,-49.373622
A-500-23,-16.656122,-49.373574
A-500-24,-16.656016,-49.374327
A-500-25,-16.655056,-49.375259
A-500-26,-16.657165,-49.375391
A-500-27,-16.656627,-49.375587
A-500-28,-16.655771,-49.375758
A-501-01,-16.648091,-49.377673
A-501-02,-16.648188,-49.378549
A-501-03,-16.648584,-49.378895
A-501-04,-16.649749,-49.378261
A-501-05,-16.649622,-49.376831
A-501-06,-16.649486,-49.377605
A-501-07,-16.651324,-49.377398
A-501-08,-16.651082,-49.376741
A-501-09,-16.651536,-49.375785
A-501-10,-16.652745,-49.376353
A-501-11,-16.653578,-49.375556
A-501-12,-16.653691,-49.376165
A-501-13,-16.65323,-49.376918
A-501-14,-16.653889,-49.376791
A-501-15,-16.654497,-49.376665
A-501-16,-16.655101,-49.376542
A-501-17,-16.655624,-49.376433
A-501-18,-16.652886,-49.378661
A-501-19,-16.653515,-49.378651
A-501-20,-16.654102,-49.378638
A-501-21,-16.654686,-49.378624
A-501-22,-16.655308,-49.378459
A-501-23,-16.653335,-49.379172
A-501-24,-16.653352,-49.379476
A-501-25,-16.653919,-49.379455
A-501-26,-16.65475,-49.379139
A-501-27,-16.655304,-49.379875
A-501-28,-16.655098,-49.379985
A-501-29,-16.654491,-49.379462
A-501-30,-16.654513,-49.380607
A-502-01,-16.652516,-49.380501
A-502-02,-16.652088,-49.381152
A-502-03,-16.651945,-49.380466
A-502-04,-16.651382,-49.380038
A-502-05,-16.651091,-49.379447
A-502-06,-16.650204,-49.379254
A-502-07,-16.649691,-49.379479
A-502-08,-16.649651,-49.380175
A-502-09,-16.64966,-49.380499
A-502-10,-16.650787,-49.380573
A-502-11,-16.649714,-49.382188
A-502-12,-16.647749,-49.384139
A-502-13,-16.648349,-49.383708
A-502-14,-16.648928,-49.383458
A-502-15,-16.649565,-49.383316
A-502-16,-16.650413,-49.383132
A-502-17,-16.65106,-49.382991
A-502-18,-16.651456,-49.382681
A-502-19,-16.651003,-49.383648
A-502-20,-16.65022,-49.382471
A-502-21,-16.650345,-49.381173
A-502-22,-16.651349,-49.382164
A-502-23,-16.6517,-49.382086
A-502-24,-16.652551,-49.382022
A-502-25,-16.653402,-49.38171
A-502-26,-16.653966,-49.381589
A-502-27,-16.655793,-49.381304
A-502-28,-16.655346,-49.381628
A-502-29,-16.654611,-49.381987
A-502-30,-16.653562,-49.382215
A-502-31,-16.652512,-49.382453
A-502-32,-16.653798,-49.382391
A-502-33,-16.653333,-49.382597
A-503-01,-16.653828,-49.383565
A-503-02,-16.652838,-49.38323
A-503-03,-16.653249,-49.383928
A-503-04,-16.652351,-49.384866
A-503-05,-16.651057,-49.38598
A-503-06,-16.651833,-49.38444
A-503-07,-16.651244,-49.385201
A-503-08,-16.650822,-49.38547
A-503-09,-16.650176,-49.385581
A-503-10,-16.649447,-49.385703
A-503-11,-16.648611,-49.385843
A-503-12,-16.648032,-49.385942
A-503-13,-16.647451,-49.386046
A-503-14,-16.648557,-49.388106
A-503-15,-16.64912,-49.387534
A-503-16,-16.649054,-49.386321
A-503-17,-16.648459,-49.386425
A-503-18,-16.647651,-49.38698
A-503-19,-16.647364,-49.386615
A-503-20,-16.642978,-49.384317
A-503-21,-16.643551,-49.384165
A-503-22,-16.644119,-49.384006
A-503-23,-16.644732,-49.383725
A-503-24,-16.643807,-49.383362
A-503-25,-16.645216,-49.385593
A-503-26,-16.644605,-49.385867
A-503-27,-16.643521,-49.386707
A-503-28,-16.644195,-49.38658
A-503-29,-16.645225,-49.386985
A-503-30,-16.643842,-49.387215
A-504-01,-16.626662,-49.408863
A-504-02,-16.626237,-49.408462
A-504-03,-16.626309,-49.407812
A-504-04,-16.626376,-49.407259
A-504-05,-16.626434,-49.406721
A-504-06,-16.6258,-49.407885
A-504-07,-16.625979,-49.406462
A-504-08,-16.626969,-49.406661
A-504-09,-16.627544,-49.406728
A-504-10,-16.628115,-49.406802
A-504-11,-16.628415,-49.408994
A-504-12,-16.628628,-49.408673
A-504-13,-16.628688,-49.408065
A-504-14,-16.628751,-49.407548
A-504-15,-16.628849,-49.406089
A-504-16,-16.629423,-49.40715
A-504-17,-16.629803,-49.407191
A-504-18,-16.629177,-49.40884
A-504-19,-16.629775,-49.409047
A-504-20,-16.630378,-49.408831
A-504-21,-16.630394,-49.407943
A-504-22,-16.630617,-49.407298
A-504-23,-16.63169,-49.407423
A-504-24,-16.631125,-49.406584
A-504-25,-16.630581,-49.406248
A-504-26,-16.629937,-49.406222
A-504-27,-16.629432,-49.406099
A-504-28,-16.631278,-49.404644
A-504-29,-16.631851,-49.404722
A-504-30,-16.631926,-49.40581
A-504-31,-16.632496,-49.4047
A-504-32,-16.63297,-49.405683
A-505-01,-16.626262,-49.403965
A-505-02,-16.626636,-49.404079
A-505-03,-16.627259,-49.404166
A-505-04,-16.627827,-49.404224
A-505-05,-16.628408,-49.404298
A-505-06,-16.628974,-49.404365
A-505-07,-16.62955,-49.404436
A-505-08,-16.630122,-49.404519
A-505-09,-16.630699,-49.404593
A-505-10,-16.626478,-49.402182
A-505-11,-16.627042,-49.402224
A-505-12,-16.627564,-49.40157
A-505-13,-16.628124,-49.401644
A-505-14,-16.628755,-49.40179
A-505-15,-16.629378,-49.402781
A-505-16,-16.629952,-49.402852
A-505-17,-16.630527,-49.402916
A-505-18,-16.630882,-49.402968
A-505-19,-16.631457,-49.403032
A-505-20,-16.632032,-49.403103
A-505-21,-16.632714,-49.402822
A-505-22,-16.631134,-49.402063
A-505-23,-16.631363,-49.401508
A-505-24,-16.631595,-49.400954
A-505-25,-16.63019,-49.400352
A-505-26,-16.629279,-49.399946
A-505-27,-16.628606,-49.399661
A-505-28,-16.628254,-49.399497
A-505-29,-16.627571,-49.399195
A-505-30,-16.626869,-49.398952
A-505-31,-16.626182,-49.398649
A-505-32,-16.626435,-49.399999
A-505-33,-16.626827,-49.400418
A-505-34,-16.627534,-49.400654
A-506-01,-16.626966,-49.396736
A-506-02,-16.627745,-49.397006
A-506-03,-16.62837,-49.397274
A-506-04,-16.628986,-49.397557
A-506-05,-16.629659,-49.397855
A-506-06,-16.630003,-49.398006
A-506-07,-16.630704,-49.398317
A-506-08,-16.631513,-49.39868
A-506-09,-16.632181,-49.399735
A-506-10,-16.632428,-49.398921
A-506-11,-16.632697,-49.398281
A-506-12,-16.632958,-49.397637
A-506-13,-16.628988,-49.395372
A-506-14,-16.629785,-49.39565
A-506-15,-16.630263,-49.396015
A-506-16,-16.630946,-49.394371
A-506-17,-16.631056,-49.39578
A-506-18,-16.630776,-49.396317
A-506-19,-16.63156,-49.396439
A-506-20,-16.632505,-49.396862
A-506-21,-16.633219,-49.39701
A-506-22,-16.633487,-49.396375
A-506-23,-16.633749,-49.395738
A-506-24,-16.632356,-49.394541
A-506-25,-16.633345,-49.394973
A-506-26,-16.634009,-49.395109
A-506-27,-16.634277,-49.394463
A-506-28,-16.633625,-49.393769
A-506-29,-16.634311,-49.393824
A-507-01,-16.635969,-49.403181
A-507-02,-16.635424,-49.403064
A-507-03,-16.635152,-49.402974
A-507-04,-16.634614,-49.402789
A-507-05,-16.634085,-49.4026
A-507-06,-16.633441,-49.402306
A-507-07,-16.634084,-49.400393
A-507-08,-16.634838,-49.400604
A-507-09,-16.635175,-49.400738
A-507-10,-16.635816,-49.401023
A-507-11,-16.634315,-49.399764
A-507-12,-16.634553,-49.399115
A-507-13,-16.63479,-49.398469
A-507-14,-16.635364,-49.398652
A-507-15,-16.636052,-49.399005
A-507-16,-16.636459,-49.399136
A-507-17,-16.636828,-49.399501
A-507-18,-16.636238,-49.401073
A-507-19,-16.63733,-49.399588
A-507-20,-16.637829,-49.400205
A-507-21,-16.636657,-49.401361
A-507-22,-16.637007,-49.401811
A-507-23,-16.6351,-49.397858
A-507-24,-16.63537,-49.39721
A-507-25,-16.636989,-49.396049
A-507-26,-16.637193,-49.396558
A-507-27,-16.63765,-49.397187
A-507-28,-16.637869,-49.397483
A-507-29,-16.63829,-49.398043
A-507-30,-16.638469,-49.398287
A-507-31,-16.638807,-49.398747
A-507-32,-16.639207,-49.399061
A-508-01,-16.645083,-49.413181
A-508-02,-16.643567,-49.412456
A-508-03,-16.6426,-49.411966
A-508-04,-16.645103,-49.412535
A-508-05,-16.64385,-49.411928
A-508-06,-16.645374,-49.411928
A-508-07,-16.644101,-49.411307
A-508-08,-16.646499,-49.41015
A-508-09,-16.646468,-49.410915
A-508-10,-16.646098,-49.411529
A-508-11,-16.644524,-49.410673
A-508-12,-16.643366,-49.410345
A-508-13,-16.643166,-49.410849
A-508-14,-16.642325,-49.40824
A-508-15,-16.643133,-49.408277
A-508-16,-16.643484,-49.408212
A-508-17,-16.644386,-49.407995
A-508-18,-16.6447,-49.409944
A-508-19,-16.645031,-49.409343
A-508-20,-16.645774,-49.408564
A-508-21,-16.644982,-49.408397
A-508-22,-16.645774,-49.407576
A-508-23,-16.646333,-49.407212
A-508-24,-16.642077,-49.406055
A-508-25,-16.642788,-49.406099
A-508-26,-16.643451,-49.405984
A-508-27,-16.644151,-49.405881
A-508-28,-16.644852,-49.405771
A-508-29,-16.645559,-49.405656
A-508-30,-16.646106,-49.405668
A-509-01,-16.645786,-49.403441
A-509-02,-16.644965,-49.403503
A-509-03,-16.644264,-49.403609
A-509-04,-16.643568,-49.403727
A-509-05,-16.642911,-49.40384
A-509-06,-16.64232,-49.403908
A-509-06,-16.641971,-49.402602
A-509-08,-16.641357,-49.402349
A-509-09,-16.640707,-49.402075
A-509-10,-16.640079,-49.401805
A-509-11,-16.639536,-49.401626
A-509-12,-16.641144,-49.40084
A-509-13,-16.64197,-49.400574
A-509-14,-16.642342,-49.401058
A-509-15,-16.642956,-49.401551
A-509-16,-16.643422,-49.401458
A-509-17,-16.644107,-49.401502
A-509-18,-16.644786,-49.40154
A-509-19,-16.645512,-49.401583
A-509-20,-16.643859,-49.399363
A-509-21,-16.643119,-49.39895
A-509-22,-16.64259,-49.398992
A-509-23,-16.644279,-49.397319
A-509-24,-16.643356,-49.395144
A-509-25,-16.642805,-49.395296
A-509-26,-16.641786,-49.395216
A-509-27,-16.642327,-49.396375
A-509-28,-16.64128,-49.395053
A-509-29,-16.641844,-49.396562
A-510-01,-16.641072,-49.394344
A-510-02,-16.640883,-49.393675
A-510-03,-16.640534,-49.393138
A-510-04,-16.641089,-49.392876
A-510-05,-16.642084,-49.39365
A-510-06,-16.641676,-49.392425
A-510-07,-16.642354,-49.392333
A-510-08,-16.642804,-49.392533
A-510-09,-16.643473,-49.393068
A-510-10,-16.644101,-49.393391
A-510-11,-16.644866,-49.393677
A-510-12,-16.644616,-49.395208
A-510-13,-16.644054,-49.395393
A-510-14,-16.643236,-49.390834
A-510-15,-16.643933,-49.391227
A-510-16,-16.644863,-49.391773
A-510-17,-16.645594,-49.391692
A-510-18,-16.646353,-49.39046
A-510-19,-16.646008,-49.390128
A-510-20,-16.645232,-49.389551
A-510-21,-16.644582,-49.38934
A-510-22,-16.643805,-49.3888
A-510-23,-16.643884,-49.38798
A-510-24,-16.645255,-49.388929
A-510-25,-16.646615,-49.389007
A-510-26,-16.647631,-49.388937
A-510-27,-16.648171,-49.388427
A-510-28,-16.646159,-49.388296
A-510-29,-16.646697,-49.387841
A-510-30,-16.647104,-49.387475
A-511-01,-16.631371,-49.389225
A-511-02,-16.63063,-49.389224
A-511-03,-16.629902,-49.389229
A-511-04,-16.629185,-49.389229
A-511-05,-16.62847,-49.389224
A-511-06,-16.627808,-49.389281
A-511-07,-16.627189,-49.389663
A-511-08,-16.627188,-49.391495
A-511-09,-16.627807,-49.391287
A-511-10,-16.62854,-49.391581
A-511-11,-16.629261,-49.391577
A-511-12,-16.629981,-49.391274
A-511-13,-16.627809,-49.392639
A-511-14,-16.628645,-49.393175
A-511-15,-16.629165,-49.393486
A-511-16,-16.629868,-49.393779
A-511-17,-16.630857,-49.393812
A-511-18,-16.631374,-49.393835
A-511-19,-16.631438,-49.392283
A-511-20,-16.63081,-49.391262
A-511-21,-16.632672,-49.392997
A-511-22,-16.632771,-49.392187
A-511-23,-16.632673,-49.391194
A-511-24,-16.632675,-49.390057
A-511-25,-16.627715,-49.387547
A-511-26,-16.629125,-49.38686
A-511-27,-16.628532,-49.3878
A-511-28,-16.629922,-49.387527
A-511-29,-16.629944,-49.388459
A-511-30,-16.630626,-49.387527
A-511-31,-16.631361,-49.387532
A-511-32,-16.632108,-49.386307
A-511-33,-16.632265,-49.387528
A-512-01,-16.633363,-49.38775
A-512-02,-16.633329,-49.388563
A-512-03,-16.634307,-49.388939
A-512-04,-16.633288,-49.38961
A-512-05,-16.633628,-49.390564
A-512-06,-16.634346,-49.390452
A-512-07,-16.635012,-49.390452
A-512-08,-16.636053,-49.390461
A-512-09,-16.636741,-49.390447
A-512-10,-16.637457,-49.390446
A-512-11,-16.6382,-49.390443
A-512-12,-16.638932,-49.390434
A-512-13,-16.634251,-49.385948
A-512-14,-16.634559,-49.386537
A-512-15,-16.634974,-49.387111
A-512-16,-16.634265,-49.38784
A-512-17,-16.635398,-49.387701
A-512-18,-16.635737,-49.388694
A-512-19,-16.63648,-49.388571
A-512-20,-16.633822,-49.38189
A-512-21,-16.635503,-49.384334
A-512-22,-16.635013,-49.384592
A-512-23,-16.634914,-49.385287
A-512-24,-16.635894,-49.386619
A-512-25,-16.636329,-49.387227
A-512-26,-16.636259,-49.386399
A-512-27,-16.637115,-49.387654
A-512-28,-16.638205,-49.388676
A-512-29,-16.6394,-49.387982
A-512-30,-16.639497,-49.389465
A-512-31,-16.639506,-49.390539
A-512-32,-16.639505,-49.391218
A-513-01,-16.63381,-49.392192
A-513-02,-16.634537,-49.392192
A-513-03,-16.635278,-49.392187
A-513-04,-16.636008,-49.392182
A-513-05,-16.636698,-49.392181
A-513-06,-16.636626,-49.393551
A-513-07,-16.636164,-49.395297
A-513-08,-16.635896,-49.395925
A-513-09,-16.635637,-49.396571
A-513-10,-16.638125,-49.392184
A-513-11,-16.637399,-49.392302
A-513-12,-16.637262,-49.393716
A-513-13,-16.637278,-49.394953
A-513-15,-16.638737,-49.393794
A-513-16,-16.640175,-49.392657
A-513-17,-16.638564,-49.394802
A-513-18,-16.638921,-49.395184
A-513-19,-16.639377,-49.39581
A-513-20,-16.640698,-49.395312
A-513-21,-16.640279,-49.395665
A-513-22,-16.640983,-49.39754
A-513-23,-16.640908,-49.398078
A-513-24,-16.641479,-49.397247
A-513-25,-16.638851,-49.392397
A-513-26,-16.640115,-49.392088
A-513-27,-16.640792,-49.391874
A-513-28,-16.640946,-49.390542
A-513-29,-16.640945,-49.388923
A-513-30,-16.641884,-49.38889
A-513-31,-16.642651,-49.389009
A-513-32,-16.642155,-49.390429
A-513-33,-16.642076,-49.391194
A-514-01,-16.621063,-49.410544
A-514-02,-16.621703,-49.410195
A-514-03,-16.622018,-49.410017
A-514-04,-16.62244,-49.409649
A-514-05,-16.622353,-49.409047
A-514-06,-16.62219,-49.408736
A-514-07,-16.620372,-49.409051
A-514-08,-16.620882,-49.40873
A-514-09,-16.621355,-49.408468
A-514-10,-16.621917,-49.40818
A-514-11,-16.621577,-49.407491
A-514-12,-16.621313,-49.406988
A-514-13,-16.62112,-49.406643
A-514-14,-16.620518,-49.406824
A-514-15,-16.620067,-49.407062
A-514-16,-16.61943,-49.407409
A-514-17,-16.618534,-49.407901
A-514-18,-16.618022,-49.40767
A-514-19,-16.617687,-49.407012
A-514-20,-16.617427,-49.406466
A-514-21,-16.617163,-49.405955
A-514-22,-16.616892,-49.405418
A-514-23,-16.617575,-49.40455
A-514-24,-16.618517,-49.404058
A-515-01,-16.619858,-49.406409
A-515-02,-16.619686,-49.406068
A-515-03,-16.619398,-49.40549
A-515-04,-16.619144,-49.404992
A-515-05,-16.61889,-49.40449
A-515-06,-16.619992,-49.405583
A-515-07,-16.619361,-49.404332
A-515-08,-16.620974,-49.405859
A-515-09,-16.620717,-49.405346
A-515-10,-16.620457,-49.404825
A-515-11,-16.620188,-49.404311
A-515-12,-16.619929,-49.403796
A-515-13,-16.62004,-49.403234
A-515-14,-16.622647,-49.406922
A-515-15,-16.622542,-49.406317
A-515-16,-16.622436,-49.405706
A-515-17,-16.622209,-49.405177
A-515-18,-16.622169,-49.404564
A-515-19,-16.622139,-49.403909
A-515-20,-16.622108,-49.403311
A-515-21,-16.622148,-49.402617
A-515-22,-16.621467,-49.402468
A-516-01,-16.630387,-49.421278
A-516-02,-16.629863,-49.421728
A-516-03,-16.62955,-49.42112
A-516-04,-16.629226,-49.420473
A-516-05,-16.628818,-49.419664
A-516-06,-16.629467,-49.419434
A-516-07,-16.630879,-49.420918
A-516-08,-16.630573,-49.42031
A-516-09,-16.630232,-49.419649
A-516-10,-16.629916,-49.419011
A-516-11,-16.630647,-49.418805
A-516-12,-16.631034,-49.418249
A-516-13,-16.626474,-49.417699
A-516-14,-16.626986,-49.417994
A-516-15,-16.627371,-49.418437
A-516-16,-16.628009,-49.418326
A-516-17,-16.628574,-49.418029
A-516-18,-16.628367,-49.416668
A-516-19,-16.628591,-49.417114
A-516-20,-16.629167,-49.417698
A-516-21,-16.629755,-49.417378
A-516-22,-16.630358,-49.417049
A-516-23,-16.630798,-49.416566
A-516-24,-16.630551,-49.416187
A-516-25,-16.630309,-49.415604
A-516-26,-16.632028,-49.415232
A-516-27,-16.631906,-49.414735
A-516-28,-16.633747,-49.413464
A-516-29,-16.63358,-49.41304
A-517-01,-16.63052,-49.423035
A-517-02,-16.631183,-49.423096
A-517-03,-16.631785,-49.422437
A-517-04,-16.632341,-49.423094
A-517-05,-16.632997,-49.42309
A-517-06,-16.633418,-49.423176
A-517-07,-16.633932,-49.42309
A-517-08,-16.633725,-49.422473
A-517-09,-16.633723,-49.421709
A-517-10,-16.631787,-49.421306
A-517-11,-16.632453,-49.421007
A-517-12,-16.633186,-49.421012
A-517-13,-16.633721,-49.420942
A-517-14,-16.634374,-49.421009
A-517-15,-16.633718,-49.419788
A-517-16,-16.634511,-49.419765
A-517-17,-16.63451,-49.419069
A-517-18,-16.634506,-49.418315
A-517-19,-16.633909,-49.418172
A-517-20,-16.633045,-49.418096
A-517-21,-16.633046,-49.418789
A-517-22,-16.63286,-49.419699
A-517-23,-16.631861,-49.4197
A-517-24,-16.631779,-49.418799
A-517-25,-16.631779,-49.418103
A-517-26,-16.631776,-49.41743
A-517-27,-16.632771,-49.416782
A-517-28,-16.633619,-49.416788
A-517-29,-16.63451,-49.416927
A-517-30,-16.635004,-49.416785
A-518-01,-16.635724,-49.423085
A-518-02,-16.635869,-49.422458
A-518-03,-16.635868,-49.4217
A-518-04,-16.635728,-49.421
A-518-05,-16.636455,-49.422874
A-518-06,-16.636457,-49.421003
A-518-07,-16.63714,-49.423169
A-518-08,-16.637125,-49.420997
A-518-09,-16.638023,-49.423029
A-518-10,-16.637802,-49.421144
A-518-11,-16.637804,-49.420439
A-518-12,-16.637802,-49.419741
A-518-13,-16.6378,-49.419075
A-518-14,-16.637118,-49.418992
A-518-15,-16.63645,-49.418994
A-518-16,-16.635702,-49.419001
A-518-17,-16.636072,-49.419693
A-518-18,-16.635934,-49.420377
A-518-19,-16.6378,-49.41692
A-518-20,-16.637797,-49.416233
A-518-21,-16.6378,-49.415535
A-518-22,-16.637743,-49.414768
A-518-23,-16.637115,-49.416783
A-518-24,-16.636441,-49.416782
A-518-25,-16.635671,-49.416785
A-518-26,-16.635842,-49.416231
A-518-27,-16.63584,-49.415545
A-518-28,-16.635912,-49.414774
A-518-29,-16.635244,-49.414775
A-518-30,-16.634502,-49.414826
